"id";"match_id";"room_id";"player_id";"team_id";"bracket_no";"pass";"loss";"tackle";"on_target";"off_target";"save";"foul";"yellow";"red";"free_kick";"penalty_kick";"interception";"goal";"assist";"created_at";"chance_created";"minute";"Corner"
"231";"1";"20";"468";"207";"0";"0";"0";"0";"0";"0";"0";"0";"0";"0";"0";"0";"0";"0";"0";"2020-02-19 06:25:45";"0";"0";"0"
"232";"1";"20";"492";"207";"0";"0";"0";"0";"0";"0";"0";"0";"0";"0";"0";"0";"0";"0";"0";"2020-02-19 06:25:45";"0";"0";"0"
"233";"1";"20";"494";"207";"0";"0";"0";"0";"0";"0";"0";"0";"0";"0";"0";"0";"0";"0";"0";"2020-02-19 06:25:45";"0";"0";"0"
"234";"1";"20";"495";"207";"0";"0";"0";"0";"0";"0";"0";"0";"0";"0";"0";"0";"0";"0";"0";"2020-02-19 06:25:45";"0";"0";"0"
"235";"1";"20";"496";"207";"0";"0";"0";"0";"0";"0";"0";"0";"0";"0";"1";"0";"0";"0";"0";"2020-02-19 06:25:45";"0";"0";"0"
"236";"1";"20";"497";"207";"0";"0";"0";"0";"0";"1";"0";"0";"0";"1";"0";"0";"0";"0";"0";"2020-02-19 06:25:45";"0";"0";"0"
"237";"1";"20";"503";"207";"0";"0";"0";"0";"0";"0";"0";"1";"0";"0";"0";"0";"0";"0";"0";"2020-02-19 06:25:45";"0";"0";"0"
"238";"1";"20";"506";"207";"0";"0";"0";"0";"0";"0";"0";"0";"0";"0";"0";"0";"0";"0";"0";"2020-02-19 06:25:45";"0";"0";"0"
"239";"1";"20";"507";"207";"0";"0";"0";"0";"0";"0";"0";"0";"0";"0";"0";"0";"0";"0";"0";"2020-02-19 06:25:45";"0";"0";"0"
"240";"1";"20";"508";"207";"0";"0";"0";"0";"1";"0";"0";"0";"0";"0";"1";"0";"0";"1";"0";"2020-02-19 06:25:45";"0";"0";"0"
"241";"1";"21";"469";"199";"0";"0";"0";"2";"3";"2";"0";"0";"0";"0";"0";"0";"0";"2";"1";"2020-02-19 06:25:45";"0";"0";"0"
"242";"1";"21";"470";"199";"0";"0";"0";"0";"1";"0";"0";"0";"0";"0";"0";"0";"0";"1";"0";"2020-02-19 06:25:45";"0";"0";"0"
"243";"1";"21";"471";"199";"0";"0";"0";"1";"1";"1";"0";"0";"0";"0";"0";"0";"0";"0";"0";"2020-02-19 06:25:45";"0";"0";"0"
"244";"1";"21";"472";"199";"0";"0";"0";"0";"1";"0";"0";"1";"0";"0";"0";"0";"0";"0";"0";"2020-02-19 06:25:45";"0";"0";"0"
"245";"1";"21";"473";"199";"0";"0";"0";"0";"0";"0";"0";"0";"0";"0";"0";"0";"0";"0";"0";"2020-02-19 06:25:45";"0";"0";"0"
"246";"1";"21";"474";"199";"0";"0";"0";"0";"0";"0";"3";"1";"0";"0";"0";"0";"0";"0";"0";"2020-02-19 06:25:45";"0";"0";"0"
"247";"1";"21";"475";"199";"0";"0";"0";"0";"1";"0";"0";"0";"0";"0";"1";"0";"0";"0";"0";"2020-02-19 06:25:45";"0";"0";"0"
"248";"1";"21";"476";"199";"0";"0";"0";"0";"0";"0";"2";"0";"0";"0";"0";"0";"0";"0";"0";"2020-02-19 06:25:45";"0";"0";"0"
"249";"1";"21";"477";"199";"0";"0";"0";"2";"0";"1";"0";"0";"0";"0";"1";"0";"0";"0";"3";"2020-02-19 06:25:45";"0";"0";"0"
"250";"1";"21";"522";"199";"0";"0";"0";"0";"1";"0";"0";"0";"0";"0";"0";"0";"0";"1";"0";"2020-02-19 06:25:45";"0";"0";"0"
"251";"1";"22";"487";"208";"0";"0";"0";"0";"0";"0";"0";"0";"0";"0";"0";"0";"0";"0";"0";"2020-02-19 06:25:45";"0";"0";"0"
"252";"1";"22";"509";"208";"0";"0";"0";"0";"3";"0";"0";"1";"0";"0";"0";"0";"0";"0";"0";"2020-02-19 06:25:45";"0";"0";"0"
"253";"1";"22";"512";"208";"0";"0";"0";"2";"1";"1";"0";"0";"0";"0";"0";"0";"0";"0";"0";"2020-02-19 06:25:45";"0";"0";"0"
"254";"1";"22";"519";"208";"0";"2";"0";"3";"2";"0";"0";"1";"0";"0";"1";"0";"0";"2";"0";"2020-02-19 06:25:45";"0";"0";"0"
"255";"1";"23";"533";"215";"0";"0";"0";"5";"1";"1";"0";"1";"1";"0";"0";"0";"0";"0";"0";"2020-02-19 06:25:45";"0";"0";"0"
"256";"1";"23";"534";"215";"0";"0";"0";"0";"0";"0";"0";"0";"1";"0";"0";"0";"0";"0";"1";"2020-02-19 06:25:45";"0";"0";"0"
"257";"1";"23";"535";"215";"0";"0";"0";"0";"0";"0";"0";"0";"0";"0";"0";"0";"0";"0";"0";"2020-02-19 06:25:45";"0";"0";"0"
"258";"1";"23";"536";"215";"0";"0";"0";"0";"0";"0";"7";"0";"0";"0";"0";"0";"0";"0";"0";"2020-02-19 06:25:45";"0";"0";"0"
"259";"1";"24";"487";"208";"0";"0";"0";"0";"0";"0";"0";"0";"0";"0";"0";"0";"0";"0";"0";"2020-02-19 06:25:45";"0";"0";"0"
"260";"1";"24";"509";"208";"0";"0";"0";"0";"0";"0";"0";"0";"0";"0";"0";"0";"0";"0";"0";"2020-02-19 06:25:45";"0";"0";"0"
"261";"1";"24";"512";"208";"0";"0";"0";"0";"3";"1";"0";"0";"0";"0";"0";"0";"0";"1";"0";"2020-02-19 06:25:45";"0";"0";"0"
"262";"1";"24";"519";"208";"0";"0";"0";"1";"4";"2";"0";"0";"0";"0";"0";"0";"0";"0";"0";"2020-02-19 06:25:45";"0";"0";"0"
"277";"1";"20";"467";"211";"0";"0";"0";"7";"5";"1";"0";"0";"0";"1";"2";"0";"0";"1";"0";"2020-02-19 06:25:45";"0";"0";"0"
"278";"1";"20";"518";"211";"0";"0";"0";"0";"2";"3";"1";"0";"0";"0";"0";"0";"0";"0";"0";"2020-02-19 06:25:45";"0";"0";"0"
"279";"1";"20";"524";"211";"0";"0";"0";"0";"0";"0";"5";"1";"0";"0";"0";"0";"0";"0";"0";"2020-02-19 06:25:45";"0";"0";"0"
"280";"1";"20";"526";"211";"0";"0";"0";"0";"0";"0";"0";"0";"0";"0";"0";"0";"0";"0";"0";"2020-02-19 06:25:45";"0";"0";"0"
"281";"1";"20";"527";"211";"0";"0";"0";"0";"0";"0";"0";"0";"0";"0";"0";"0";"0";"0";"0";"2020-02-19 06:25:45";"0";"0";"0"
"282";"1";"20";"528";"211";"0";"0";"0";"1";"0";"0";"0";"0";"0";"0";"0";"0";"0";"0";"1";"2020-02-19 06:25:45";"0";"0";"0"
"283";"1";"20";"529";"211";"0";"0";"0";"0";"1";"0";"0";"0";"0";"0";"0";"0";"0";"0";"0";"2020-02-19 06:25:45";"0";"0";"0"
"284";"1";"30";"358";"210";"0";"0";"0";"2";"0";"2";"0";"0";"0";"0";"0";"0";"0";"0";"0";"2020-02-19 06:25:45";"0";"0";"0"
"285";"1";"30";"511";"210";"0";"0";"0";"2";"0";"1";"0";"0";"0";"0";"0";"0";"0";"1";"1";"2020-02-19 06:25:45";"0";"0";"0"
"286";"1";"30";"548";"210";"0";"0";"0";"3";"2";"3";"0";"0";"0";"0";"0";"0";"0";"2";"0";"2020-02-19 06:25:45";"0";"0";"0"
"287";"1";"30";"550";"210";"0";"0";"0";"0";"1";"0";"0";"0";"0";"0";"0";"0";"0";"0";"0";"2020-02-19 06:25:45";"0";"0";"0"
"288";"1";"31";"491";"218";"0";"0";"0";"0";"0";"0";"0";"0";"0";"0";"0";"0";"0";"0";"0";"2020-02-19 06:25:45";"0";"0";"0"
"289";"1";"31";"521";"218";"0";"0";"0";"1";"1";"1";"0";"0";"0";"0";"0";"0";"0";"0";"0";"2020-02-19 06:25:45";"0";"0";"0"
"290";"1";"31";"541";"218";"0";"0";"0";"2";"0";"2";"0";"0";"0";"0";"0";"0";"0";"0";"0";"2020-02-19 06:25:45";"0";"0";"0"
"291";"1";"31";"222";"209";"0";"0";"0";"1";"1";"0";"0";"0";"0";"0";"0";"0";"0";"1";"0";"2020-02-19 06:25:45";"0";"0";"0"
"292";"1";"31";"514";"209";"0";"0";"0";"1";"4";"2";"0";"0";"0";"0";"1";"0";"0";"0";"0";"2020-02-19 06:25:45";"0";"0";"0"
"293";"1";"31";"515";"209";"0";"0";"0";"0";"1";"2";"0";"0";"0";"0";"0";"0";"0";"0";"0";"2020-02-19 06:25:45";"0";"0";"0"
"294";"1";"31";"516";"209";"0";"0";"0";"0";"0";"0";"5";"0";"0";"0";"0";"0";"0";"0";"0";"2020-02-19 06:25:45";"0";"0";"0"
"295";"1";"31";"538";"209";"0";"0";"0";"0";"4";"3";"0";"0";"0";"0";"0";"0";"0";"0";"0";"2020-02-19 06:25:45";"0";"0";"0"
"296";"1";"32";"468";"207";"0";"0";"0";"0";"0";"0";"0";"0";"0";"0";"0";"0";"0";"0";"0";"2020-02-19 06:25:45";"0";"0";"0"
"297";"1";"32";"492";"207";"0";"0";"0";"0";"2";"2";"0";"1";"0";"0";"1";"0";"0";"0";"0";"2020-02-19 06:25:45";"0";"0";"0"
"298";"1";"32";"494";"207";"0";"0";"0";"0";"1";"1";"0";"0";"0";"0";"0";"0";"0";"1";"0";"2020-02-19 06:25:45";"0";"0";"0"
"299";"1";"32";"495";"207";"0";"0";"0";"0";"0";"0";"0";"0";"0";"0";"0";"0";"0";"0";"0";"2020-02-19 06:25:45";"0";"0";"0"
"300";"1";"32";"496";"207";"0";"0";"0";"0";"1";"0";"0";"0";"0";"0";"0";"0";"0";"0";"0";"2020-02-19 06:25:45";"0";"0";"0"
"301";"1";"32";"497";"207";"0";"0";"0";"0";"0";"0";"0";"0";"0";"0";"0";"0";"0";"0";"0";"2020-02-19 06:25:45";"0";"0";"0"
"302";"1";"32";"502";"207";"0";"0";"0";"1";"0";"0";"0";"0";"0";"0";"0";"0";"0";"0";"0";"2020-02-19 06:25:45";"0";"0";"0"
"303";"1";"32";"503";"207";"0";"0";"0";"1";"0";"4";"0";"0";"0";"0";"0";"0";"0";"0";"0";"2020-02-19 06:25:45";"0";"0";"0"
"304";"1";"32";"506";"207";"0";"0";"0";"0";"0";"0";"3";"0";"0";"0";"0";"0";"0";"0";"0";"2020-02-19 06:25:45";"0";"0";"0"
"305";"1";"32";"507";"207";"0";"0";"0";"0";"0";"0";"0";"0";"0";"0";"0";"0";"0";"0";"0";"2020-02-19 06:25:45";"0";"0";"0"
"306";"1";"32";"508";"207";"0";"0";"0";"0";"1";"0";"0";"0";"0";"0";"0";"0";"0";"1";"0";"2020-02-19 06:25:45";"0";"0";"0"
"307";"1";"32";"358";"210";"0";"0";"0";"1";"0";"2";"0";"1";"0";"0";"0";"0";"0";"0";"0";"2020-02-19 06:25:45";"0";"0";"0"
"308";"1";"32";"511";"210";"0";"0";"0";"0";"1";"0";"0";"0";"0";"0";"0";"0";"0";"1";"0";"2020-02-19 06:25:45";"0";"0";"0"
"309";"1";"32";"548";"210";"0";"0";"0";"1";"1";"1";"0";"0";"0";"0";"0";"0";"0";"1";"0";"2020-02-19 06:25:45";"0";"0";"0"
"310";"1";"32";"550";"210";"0";"0";"0";"1";"0";"0";"0";"0";"1";"0";"0";"0";"0";"0";"0";"2020-02-19 06:25:45";"0";"0";"0"
"311";"1";"33";"533";"215";"0";"0";"0";"0";"2";"2";"0";"0";"0";"0";"0";"0";"0";"1";"0";"2020-02-19 06:25:45";"0";"0";"0"
"312";"1";"33";"534";"215";"0";"0";"0";"0";"0";"0";"0";"0";"0";"0";"0";"0";"0";"0";"0";"2020-02-19 06:25:45";"0";"0";"0"
"313";"1";"33";"535";"215";"0";"0";"0";"0";"2";"0";"0";"0";"0";"0";"0";"0";"0";"0";"0";"2020-02-19 06:25:45";"0";"0";"0"
"314";"1";"33";"536";"215";"0";"0";"0";"0";"0";"0";"2";"0";"0";"0";"0";"0";"0";"0";"0";"2020-02-19 06:25:45";"0";"0";"0"
"315";"1";"33";"537";"215";"0";"0";"0";"0";"0";"0";"0";"0";"0";"0";"0";"0";"0";"0";"0";"2020-02-19 06:25:45";"0";"0";"0"
"316";"1";"33";"491";"218";"0";"0";"0";"0";"1";"0";"0";"0";"0";"0";"0";"0";"0";"0";"0";"2020-02-19 06:25:45";"0";"0";"0"
"317";"1";"33";"521";"218";"0";"0";"0";"0";"0";"0";"0";"0";"0";"0";"0";"0";"0";"0";"0";"2020-02-19 06:25:45";"0";"0";"0"
"318";"1";"33";"541";"218";"0";"0";"0";"3";"2";"1";"0";"0";"0";"0";"0";"0";"0";"2";"1";"2020-02-19 06:25:45";"0";"0";"0"
"319";"1";"34";"222";"209";"0";"0";"0";"1";"1";"0";"0";"2";"1";"0";"0";"0";"0";"0";"0";"2020-02-19 06:25:45";"0";"0";"0"
"320";"1";"34";"514";"209";"0";"0";"0";"0";"0";"2";"0";"1";"0";"0";"0";"0";"0";"0";"0";"2020-02-19 06:25:45";"0";"0";"0"
"321";"1";"34";"515";"209";"0";"0";"0";"0";"0";"0";"0";"0";"0";"0";"0";"0";"0";"0";"0";"2020-02-19 06:25:45";"0";"0";"0"
"322";"1";"34";"516";"209";"0";"0";"0";"0";"0";"0";"3";"0";"0";"0";"0";"0";"0";"0";"0";"2020-02-19 06:25:45";"0";"0";"0"
"323";"1";"34";"538";"209";"0";"0";"0";"0";"1";"1";"0";"0";"0";"0";"0";"0";"0";"1";"0";"2020-02-19 06:25:45";"0";"0";"0"
"324";"1";"36";"532";"214";"0";"0";"0";"2";"0";"1";"0";"0";"0";"0";"0";"0";"0";"0";"0";"2020-02-19 06:25:45";"0";"0";"0"
"325";"1";"36";"544";"214";"0";"0";"0";"1";"3";"0";"0";"0";"0";"0";"0";"0";"0";"0";"0";"2020-02-19 06:25:45";"0";"0";"0"
"326";"1";"37";"469";"199";"0";"0";"0";"0";"1";"0";"0";"0";"0";"0";"0";"0";"0";"0";"0";"2020-02-19 06:25:45";"0";"0";"0"
"327";"1";"37";"470";"199";"0";"0";"0";"0";"1";"2";"0";"0";"0";"0";"0";"0";"0";"0";"1";"2020-02-19 06:25:45";"0";"0";"0"
"328";"1";"37";"471";"199";"0";"0";"0";"0";"1";"0";"0";"0";"0";"0";"0";"0";"0";"1";"0";"2020-02-19 06:25:45";"0";"0";"0"
"329";"1";"37";"472";"199";"0";"0";"0";"0";"0";"0";"0";"0";"0";"0";"0";"0";"0";"0";"0";"2020-02-19 06:25:45";"0";"0";"0"
"330";"1";"37";"473";"199";"0";"0";"0";"0";"1";"0";"0";"0";"0";"0";"0";"0";"0";"1";"0";"2020-02-19 06:25:45";"0";"0";"0"
"331";"1";"37";"474";"199";"0";"0";"0";"0";"0";"0";"4";"0";"0";"0";"0";"0";"0";"0";"0";"2020-02-19 06:25:45";"0";"0";"0"
"332";"1";"37";"475";"199";"0";"0";"0";"0";"0";"0";"0";"0";"0";"0";"0";"0";"0";"0";"0";"2020-02-19 06:25:45";"0";"0";"0"
"333";"1";"37";"476";"199";"0";"0";"0";"0";"0";"0";"0";"0";"0";"0";"0";"0";"0";"0";"0";"2020-02-19 06:25:45";"0";"0";"0"
"334";"1";"37";"477";"199";"0";"0";"0";"0";"1";"0";"0";"0";"0";"0";"0";"0";"0";"0";"0";"2020-02-19 06:25:45";"0";"0";"0"
"335";"1";"37";"522";"199";"0";"0";"0";"0";"0";"0";"0";"0";"0";"0";"0";"0";"0";"0";"0";"2020-02-19 06:25:45";"0";"0";"0"
"336";"1";"38";"222";"209";"0";"0";"0";"0";"2";"0";"0";"0";"0";"0";"0";"0";"0";"1";"0";"2020-02-19 06:25:45";"0";"0";"0"
"337";"1";"38";"361";"209";"0";"0";"0";"0";"0";"0";"0";"0";"0";"0";"0";"0";"0";"0";"0";"2020-02-19 06:25:45";"0";"0";"0"
"338";"1";"38";"514";"209";"0";"0";"0";"0";"0";"0";"0";"0";"0";"0";"0";"0";"0";"0";"0";"2020-02-19 06:25:45";"0";"0";"0"
"339";"1";"38";"515";"209";"0";"0";"0";"1";"0";"1";"0";"0";"0";"0";"0";"0";"0";"0";"0";"2020-02-19 06:25:45";"0";"0";"0"
"340";"1";"38";"533";"215";"0";"0";"0";"0";"1";"1";"0";"0";"0";"0";"0";"0";"0";"1";"1";"2020-02-19 06:25:45";"0";"0";"0"
"341";"1";"38";"516";"209";"0";"0";"0";"0";"0";"0";"5";"0";"0";"0";"0";"0";"0";"0";"1";"2020-02-19 06:25:45";"0";"0";"0"
"342";"1";"38";"534";"215";"0";"0";"0";"0";"1";"0";"0";"0";"0";"0";"0";"0";"0";"1";"0";"2020-02-19 06:25:45";"0";"0";"0"
"343";"1";"38";"538";"209";"0";"0";"0";"0";"0";"1";"0";"0";"0";"0";"1";"0";"0";"0";"0";"2020-02-19 06:25:45";"0";"0";"0"
"344";"1";"38";"535";"215";"0";"0";"0";"1";"6";"2";"0";"0";"0";"0";"0";"0";"0";"3";"1";"2020-02-19 06:25:45";"0";"0";"0"
"345";"1";"38";"545";"209";"0";"0";"0";"0";"1";"2";"0";"0";"0";"0";"0";"0";"0";"0";"0";"2020-02-19 06:25:45";"0";"0";"0"
"346";"1";"38";"536";"215";"0";"0";"0";"0";"1";"0";"0";"0";"0";"0";"0";"0";"0";"0";"0";"2020-02-19 06:25:45";"0";"0";"0"
"347";"1";"38";"537";"215";"0";"0";"0";"0";"0";"0";"0";"0";"0";"0";"0";"0";"0";"0";"0";"2020-02-19 06:25:45";"0";"0";"0"
"348";"1";"30";"467";"211";"0";"0";"0";"0";"2";"1";"0";"0";"0";"0";"0";"0";"0";"0";"0";"2020-02-19 06:25:45";"0";"0";"0"
"349";"1";"30";"518";"211";"0";"0";"0";"0";"2";"0";"0";"0";"0";"0";"0";"0";"0";"0";"0";"2020-02-19 06:25:45";"0";"0";"0"
"350";"1";"30";"524";"211";"0";"0";"0";"2";"0";"0";"0";"0";"0";"0";"0";"0";"0";"0";"0";"2020-02-19 06:25:45";"0";"0";"0"
"351";"1";"30";"526";"211";"0";"0";"0";"0";"0";"0";"0";"0";"0";"0";"0";"0";"0";"0";"0";"2020-02-19 06:25:45";"0";"0";"0"
"352";"1";"30";"527";"211";"0";"0";"0";"3";"0";"0";"0";"0";"0";"0";"0";"0";"0";"0";"0";"2020-02-19 06:25:45";"0";"0";"0"
"353";"1";"30";"528";"211";"0";"0";"0";"0";"0";"0";"0";"0";"0";"0";"0";"0";"0";"0";"0";"2020-02-19 06:25:45";"0";"0";"0"
"354";"1";"30";"529";"211";"0";"0";"0";"0";"0";"0";"0";"0";"0";"0";"0";"0";"0";"0";"0";"2020-02-19 06:25:45";"0";"0";"0"
"355";"1";"41";"222";"209";"0";"0";"0";"2";"0";"0";"0";"1";"2";"1";"0";"0";"0";"0";"0";"2020-02-19 10:14:04";"0";"0";"0"
"356";"1";"41";"361";"209";"0";"0";"0";"0";"0";"0";"0";"0";"0";"0";"0";"0";"0";"0";"0";"2020-02-19 10:14:04";"0";"0";"0"
"357";"1";"41";"514";"209";"0";"0";"0";"0";"0";"0";"0";"0";"0";"0";"0";"0";"0";"0";"0";"2020-02-19 10:14:04";"0";"0";"0"
"358";"1";"41";"515";"209";"0";"0";"0";"1";"1";"0";"0";"0";"0";"0";"0";"0";"0";"0";"0";"2020-02-19 10:14:04";"0";"0";"0"
"359";"1";"41";"516";"209";"0";"0";"0";"0";"0";"0";"15";"0";"0";"0";"0";"0";"0";"0";"0";"2020-02-19 10:14:04";"0";"0";"0"
"360";"1";"41";"538";"209";"0";"0";"0";"5";"3";"2";"0";"1";"0";"0";"0";"1";"0";"1";"0";"2020-02-19 10:14:04";"0";"0";"0"
"361";"1";"41";"545";"209";"0";"0";"0";"1";"0";"0";"0";"1";"1";"0";"0";"0";"0";"0";"0";"2020-02-19 10:14:04";"0";"0";"0"
"362";"1";"41";"469";"199";"0";"0";"0";"0";"6";"2";"0";"0";"0";"0";"1";"0";"0";"0";"0";"2020-02-19 10:15:24";"0";"0";"0"
"363";"1";"41";"470";"199";"0";"0";"0";"2";"3";"1";"0";"0";"0";"0";"0";"0";"0";"0";"0";"2020-02-19 10:15:24";"0";"0";"0"
"364";"1";"41";"471";"199";"0";"0";"0";"0";"0";"0";"0";"0";"0";"0";"0";"0";"0";"0";"0";"2020-02-19 10:15:24";"0";"0";"0"
"365";"1";"41";"472";"199";"0";"0";"0";"0";"1";"0";"0";"0";"0";"0";"0";"0";"0";"0";"0";"2020-02-19 10:15:25";"0";"0";"0"
"366";"1";"41";"473";"199";"0";"0";"0";"0";"0";"0";"0";"0";"0";"0";"0";"0";"0";"0";"0";"2020-02-19 10:15:25";"0";"0";"0"
"367";"1";"41";"474";"199";"0";"0";"0";"0";"0";"0";"7";"0";"0";"0";"0";"0";"0";"0";"0";"2020-02-19 10:15:25";"0";"0";"0"
"368";"1";"41";"475";"199";"0";"0";"0";"0";"0";"4";"0";"0";"0";"0";"0";"0";"0";"0";"0";"2020-02-19 10:15:25";"0";"0";"0"
"369";"1";"41";"476";"199";"0";"0";"0";"0";"0";"0";"0";"0";"0";"0";"0";"0";"0";"0";"0";"2020-02-19 10:15:25";"0";"0";"0"
"370";"1";"41";"477";"199";"0";"0";"0";"4";"6";"1";"0";"1";"0";"0";"1";"0";"0";"0";"0";"2020-02-19 10:15:25";"0";"0";"0"
"371";"1";"41";"522";"199";"0";"0";"0";"1";"2";"1";"0";"0";"0";"0";"2";"0";"0";"0";"0";"2020-02-19 10:15:25";"0";"0";"0"
"372";"1";"42";"468";"207";"0";"0";"0";"0";"0";"0";"0";"0";"0";"0";"0";"0";"0";"0";"0";"2020-02-19 10:48:18";"0";"0";"0"
"373";"1";"42";"492";"207";"0";"0";"0";"0";"2";"0";"0";"0";"0";"0";"0";"0";"0";"0";"1";"2020-02-19 10:48:18";"0";"0";"0"
"374";"1";"42";"494";"207";"0";"0";"0";"0";"1";"0";"0";"0";"0";"0";"0";"0";"0";"0";"0";"2020-02-19 10:48:18";"0";"0";"0"
"375";"1";"42";"495";"207";"0";"0";"0";"0";"1";"0";"0";"0";"0";"0";"0";"0";"0";"1";"0";"2020-02-19 10:48:18";"0";"0";"0"
"376";"1";"42";"496";"207";"0";"0";"0";"0";"1";"0";"0";"0";"0";"0";"0";"0";"0";"0";"0";"2020-02-19 10:48:18";"0";"0";"0"
"377";"1";"42";"497";"207";"0";"0";"0";"0";"0";"0";"0";"0";"0";"0";"0";"0";"0";"0";"0";"2020-02-19 10:48:18";"0";"0";"0"
"378";"1";"42";"502";"207";"0";"0";"0";"0";"0";"0";"0";"0";"0";"0";"0";"0";"0";"0";"0";"2020-02-19 10:48:18";"0";"0";"0"
"379";"1";"42";"503";"207";"0";"0";"0";"0";"1";"0";"0";"0";"0";"0";"0";"0";"0";"0";"0";"2020-02-19 10:48:18";"0";"0";"0"
"380";"1";"42";"506";"207";"0";"0";"0";"0";"0";"1";"0";"0";"0";"0";"0";"0";"0";"0";"0";"2020-02-19 10:48:18";"0";"0";"0"
"381";"1";"42";"507";"207";"0";"0";"0";"0";"0";"0";"0";"0";"0";"0";"0";"0";"0";"0";"0";"2020-02-19 10:48:18";"0";"0";"0"
"382";"1";"42";"508";"207";"0";"0";"0";"0";"3";"0";"0";"0";"0";"0";"0";"0";"0";"0";"0";"2020-02-19 10:48:18";"0";"0";"0"
"383";"1";"42";"487";"208";"0";"0";"0";"1";"1";"0";"0";"0";"0";"0";"0";"0";"0";"0";"0";"2020-02-19 10:52:02";"0";"0";"0"
"384";"1";"42";"509";"208";"0";"0";"0";"0";"0";"1";"0";"0";"0";"0";"0";"0";"0";"0";"0";"2020-02-19 10:52:02";"0";"0";"0"
"385";"1";"42";"512";"208";"0";"0";"0";"1";"3";"1";"0";"0";"0";"0";"0";"0";"0";"1";"0";"2020-02-19 10:52:02";"0";"0";"0"
"386";"1";"42";"519";"208";"0";"0";"0";"0";"3";"6";"0";"1";"0";"0";"0";"0";"0";"0";"0";"2020-02-19 10:52:02";"0";"0";"0"
"387";"1";"43";"533";"215";"0";"0";"0";"1";"1";"0";"0";"0";"0";"0";"0";"0";"0";"1";"0";"2020-02-19 12:47:42";"0";"0";"0"
"388";"1";"43";"534";"215";"0";"0";"0";"0";"0";"2";"0";"0";"0";"0";"0";"0";"0";"0";"0";"2020-02-19 12:47:42";"0";"0";"0"
"389";"1";"43";"535";"215";"0";"0";"0";"0";"5";"1";"0";"0";"0";"0";"0";"0";"0";"1";"0";"2020-02-19 12:47:42";"0";"0";"0"
"390";"1";"43";"536";"215";"0";"0";"0";"0";"0";"0";"0";"0";"0";"0";"0";"0";"0";"0";"0";"2020-02-19 12:47:42";"0";"0";"0"
"391";"1";"43";"537";"215";"0";"0";"0";"0";"0";"0";"0";"0";"0";"0";"0";"0";"0";"0";"0";"2020-02-19 12:47:42";"0";"0";"0"
"392";"1";"44";"358";"210";"0";"0";"0";"0";"3";"3";"0";"0";"0";"0";"1";"1";"0";"1";"0";"2020-02-19 13:48:09";"0";"0";"0"
"393";"1";"44";"511";"210";"0";"0";"0";"0";"0";"0";"0";"0";"0";"0";"0";"0";"0";"0";"0";"2020-02-19 13:48:09";"0";"0";"0"
"394";"1";"44";"548";"210";"0";"0";"0";"0";"5";"3";"0";"0";"0";"0";"0";"0";"0";"1";"0";"2020-02-19 13:48:10";"0";"0";"0"
"395";"1";"44";"550";"210";"0";"0";"0";"0";"0";"1";"0";"0";"0";"0";"0";"0";"0";"0";"0";"2020-02-19 13:48:10";"0";"0";"0"
"396";"1";"44";"555";"210";"0";"0";"0";"0";"0";"0";"0";"0";"0";"0";"0";"0";"0";"0";"0";"2020-02-19 13:48:10";"0";"0";"0"
"397";"1";"44";"557";"210";"0";"0";"0";"0";"3";"1";"0";"0";"0";"0";"0";"0";"0";"3";"0";"2020-02-19 13:48:10";"0";"0";"0"
"398";"1";"53";"487";"208";"0";"0";"0";"0";"0";"0";"0";"0";"0";"0";"0";"0";"0";"0";"0";"2020-02-24 10:36:36";"0";"0";"0"
"399";"1";"53";"509";"208";"0";"0";"0";"0";"2";"1";"0";"0";"0";"0";"0";"0";"0";"1";"0";"2020-02-24 10:36:36";"0";"0";"0"
"400";"1";"53";"512";"208";"0";"0";"0";"1";"5";"4";"0";"0";"0";"0";"0";"0";"0";"3";"0";"2020-02-24 10:36:36";"0";"0";"0"
"401";"1";"53";"519";"208";"0";"0";"0";"1";"1";"1";"0";"0";"0";"0";"0";"0";"0";"0";"0";"2020-02-24 10:36:36";"0";"0";"0"
"402";"1";"53";"358";"210";"0";"0";"0";"1";"5";"2";"0";"1";"0";"0";"0";"0";"0";"1";"1";"2020-02-24 10:37:28";"0";"0";"0"
"403";"1";"53";"511";"210";"0";"0";"0";"0";"2";"1";"0";"0";"0";"0";"0";"0";"0";"0";"0";"2020-02-24 10:37:28";"0";"0";"0"
"404";"1";"53";"548";"210";"0";"0";"0";"0";"5";"1";"0";"0";"0";"0";"0";"0";"0";"2";"0";"2020-02-24 10:37:28";"0";"0";"0"
"405";"1";"53";"550";"210";"0";"0";"0";"0";"0";"0";"0";"0";"0";"0";"0";"0";"0";"0";"0";"2020-02-24 10:37:28";"0";"0";"0"
"406";"1";"53";"555";"210";"0";"0";"0";"0";"0";"0";"0";"0";"0";"0";"0";"0";"0";"0";"0";"2020-02-24 10:37:28";"0";"0";"0"
"407";"1";"53";"557";"210";"0";"0";"0";"0";"6";"1";"0";"0";"0";"0";"0";"0";"0";"2";"1";"2020-02-24 10:37:28";"0";"0";"0"
"408";"1";"53";"559";"210";"0";"0";"0";"0";"0";"0";"0";"0";"0";"0";"0";"0";"0";"0";"0";"2020-02-24 10:37:28";"0";"0";"0"
"409";"1";"54";"533";"215";"0";"0";"0";"1";"0";"1";"0";"0";"1";"0";"0";"0";"0";"0";"0";"2020-02-24 11:46:02";"0";"0";"0"
"410";"1";"54";"534";"215";"0";"0";"0";"0";"2";"0";"0";"0";"0";"0";"0";"0";"0";"0";"0";"2020-02-24 11:46:02";"0";"0";"0"
"411";"1";"54";"535";"215";"0";"0";"0";"0";"5";"7";"0";"0";"0";"0";"0";"0";"0";"0";"0";"2020-02-24 11:46:02";"0";"0";"0"
"412";"1";"54";"536";"215";"0";"0";"0";"0";"0";"0";"0";"0";"0";"0";"0";"0";"0";"0";"0";"2020-02-24 11:46:02";"0";"0";"0"
"413";"1";"54";"537";"215";"0";"0";"0";"0";"0";"0";"0";"0";"0";"0";"0";"0";"0";"0";"0";"2020-02-24 11:46:02";"0";"0";"0"
"414";"1";"54";"542";"215";"0";"0";"0";"0";"0";"0";"0";"0";"0";"0";"0";"0";"0";"0";"0";"2020-02-24 11:46:02";"0";"0";"0"
"415";"1";"54";"567";"215";"0";"0";"0";"0";"0";"0";"0";"0";"0";"0";"0";"0";"0";"0";"0";"2020-02-24 11:46:02";"0";"0";"0"
"416";"1";"54";"222";"209";"0";"0";"0";"0";"0";"0";"0";"0";"0";"0";"0";"0";"0";"0";"0";"2020-02-24 11:46:27";"0";"0";"0"
"417";"1";"54";"361";"209";"0";"0";"0";"0";"0";"0";"0";"0";"0";"0";"0";"0";"0";"0";"0";"2020-02-24 11:46:27";"0";"0";"0"
"418";"1";"54";"514";"209";"0";"0";"0";"4";"2";"6";"0";"2";"0";"0";"1";"0";"0";"0";"0";"2020-02-24 11:46:27";"0";"0";"0"
"419";"1";"54";"515";"209";"0";"0";"0";"0";"0";"2";"0";"0";"0";"0";"0";"0";"0";"0";"0";"2020-02-24 11:46:27";"0";"0";"0"
"420";"1";"54";"516";"209";"0";"0";"0";"1";"2";"1";"22";"0";"0";"0";"0";"0";"0";"1";"0";"2020-02-24 11:46:27";"0";"0";"0"
"421";"1";"54";"538";"209";"0";"0";"0";"2";"5";"2";"0";"2";"1";"0";"2";"0";"0";"1";"0";"2020-02-24 11:46:27";"0";"0";"0"
"422";"1";"54";"545";"209";"0";"0";"0";"0";"3";"0";"0";"0";"0";"0";"0";"0";"0";"0";"0";"2020-02-24 11:46:27";"0";"0";"0"
"423";"1";"55";"222";"209";"0";"0";"0";"0";"1";"0";"0";"0";"0";"0";"0";"0";"0";"1";"0";"2020-02-24 11:46:27";"0";"0";"0"
"424";"1";"55";"361";"209";"0";"0";"0";"0";"0";"0";"0";"0";"0";"0";"0";"0";"0";"0";"0";"2020-02-24 11:46:27";"0";"0";"0"
"425";"1";"55";"514";"209";"0";"0";"0";"0";"0";"0";"0";"0";"0";"0";"0";"0";"0";"0";"0";"2020-02-24 11:46:27";"0";"0";"0"
"426";"1";"55";"515";"209";"0";"0";"0";"0";"0";"0";"0";"0";"0";"0";"0";"0";"0";"0";"0";"2020-02-24 11:46:27";"0";"0";"0"
"427";"1";"55";"516";"209";"0";"0";"0";"0";"2";"0";"0";"0";"0";"0";"0";"0";"0";"1";"0";"2020-02-24 11:46:27";"0";"0";"0"
"428";"1";"55";"538";"209";"0";"0";"0";"0";"2";"2";"0";"0";"0";"0";"0";"0";"0";"1";"0";"2020-02-24 11:46:27";"0";"0";"0"
"429";"1";"55";"545";"209";"0";"0";"0";"0";"3";"0";"0";"0";"0";"0";"0";"0";"0";"2";"0";"2020-02-24 11:46:27";"0";"0";"0"
"430";"1";"55";"358";"210";"0";"0";"0";"0";"1";"1";"0";"0";"0";"0";"0";"0";"0";"0";"0";"2020-02-24 10:37:28";"0";"0";"0"
"431";"1";"55";"511";"210";"0";"0";"0";"0";"0";"0";"0";"0";"0";"0";"0";"0";"0";"0";"1";"2020-02-24 10:37:28";"0";"0";"0"
"432";"1";"55";"548";"210";"0";"0";"0";"0";"1";"1";"0";"0";"0";"0";"0";"0";"0";"1";"0";"2020-02-24 10:37:28";"0";"0";"0"
"433";"1";"55";"550";"210";"0";"0";"0";"0";"1";"0";"0";"0";"0";"0";"0";"0";"0";"1";"0";"2020-02-24 10:37:28";"0";"0";"0"
"434";"1";"55";"555";"210";"0";"0";"0";"0";"0";"0";"0";"0";"0";"0";"0";"0";"0";"0";"0";"2020-02-24 10:37:28";"0";"0";"0"
"435";"1";"55";"557";"210";"0";"0";"0";"0";"0";"0";"0";"0";"0";"0";"0";"0";"0";"0";"0";"2020-02-24 10:37:28";"0";"0";"0"
"436";"1";"55";"559";"210";"0";"0";"0";"0";"0";"0";"4";"0";"0";"0";"0";"0";"0";"0";"0";"2020-02-24 10:37:28";"0";"0";"0"
"458";"6";"62";"691";"249";"0";"9";"6";"13";"4";"3";"0";"1";"0";"0";"0";"0";"0";"1";"0";"2020-02-29 03:07:00";"0";"0";"0"
"459";"6";"62";"693";"249";"0";"11";"0";"3";"0";"0";"0";"0";"0";"0";"0";"0";"0";"0";"0";"2020-02-29 03:07:00";"0";"0";"0"
"460";"6";"62";"698";"247";"0";"22";"7";"3";"6";"2";"0";"1";"0";"0";"2";"0";"0";"1";"0";"2020-02-29 03:07:08";"0";"0";"0"
"461";"6";"62";"703";"247";"0";"14";"2";"6";"2";"0";"0";"1";"0";"0";"1";"0";"0";"0";"0";"2020-02-29 03:07:08";"0";"0";"0"
"462";"6";"62";"704";"247";"0";"3";"1";"1";"0";"0";"0";"0";"0";"0";"0";"0";"0";"0";"0";"2020-02-29 03:07:08";"0";"0";"0"
"463";"6";"62";"705";"247";"0";"8";"2";"2";"0";"0";"0";"0";"0";"0";"0";"0";"0";"0";"0";"2020-02-29 03:07:08";"0";"0";"0"
"464";"6";"62";"706";"247";"0";"19";"6";"4";"2";"2";"0";"0";"0";"0";"0";"0";"0";"0";"0";"2020-02-29 03:07:08";"0";"0";"0"
"465";"6";"62";"709";"247";"0";"1";"1";"1";"0";"0";"0";"0";"0";"0";"0";"0";"0";"0";"0";"2020-02-29 03:07:08";"0";"0";"0"
"466";"6";"62";"710";"247";"0";"10";"0";"1";"0";"0";"18";"0";"0";"0";"0";"0";"0";"0";"0";"2020-02-29 03:07:08";"0";"0";"0"
"467";"6";"63";"692";"245";"0";"8";"3";"1";"0";"0";"0";"0";"0";"0";"0";"0";"0";"0";"0";"2020-02-29 03:23:56";"0";"0";"0"
"468";"6";"63";"695";"245";"0";"18";"2";"4";"1";"0";"0";"0";"0";"0";"0";"0";"0";"0";"0";"2020-02-29 03:23:56";"0";"0";"0"
"469";"6";"63";"699";"245";"0";"7";"1";"0";"0";"0";"4";"0";"0";"0";"0";"0";"0";"0";"0";"2020-02-29 03:23:56";"0";"0";"0"
"470";"6";"63";"701";"245";"0";"28";"2";"9";"2";"0";"0";"0";"0";"0";"1";"0";"0";"0";"1";"2020-02-29 03:23:56";"0";"0";"0"
"471";"6";"63";"707";"245";"0";"4";"2";"13";"6";"5";"0";"1";"0";"0";"1";"0";"0";"0";"0";"2020-02-29 03:23:56";"0";"0";"0"
"472";"6";"65";"696";"248";"0";"6";"6";"6";"3";"1";"0";"0";"0";"0";"0";"0";"0";"0";"1";"2020-02-29 03:39:34";"0";"0";"0"
"473";"6";"65";"702";"248";"0";"2";"4";"1";"0";"0";"0";"0";"0";"0";"0";"0";"0";"0";"0";"2020-02-29 03:39:34";"0";"0";"0"
"474";"6";"65";"708";"248";"0";"3";"1";"1";"0";"0";"0";"0";"0";"0";"0";"0";"0";"0";"0";"2020-02-29 03:39:34";"0";"0";"0"
"475";"6";"65";"711";"248";"0";"4";"5";"8";"1";"0";"0";"0";"0";"0";"0";"0";"0";"1";"0";"2020-02-29 03:39:34";"0";"0";"0"
"476";"6";"65";"712";"248";"0";"5";"2";"4";"0";"1";"0";"1";"0";"0";"0";"0";"0";"0";"0";"2020-02-29 03:39:34";"0";"0";"0"
"477";"6";"65";"715";"248";"0";"0";"7";"1";"0";"0";"15";"0";"0";"0";"0";"0";"0";"0";"0";"2020-02-29 03:39:34";"0";"0";"0"
"478";"6";"65";"717";"248";"0";"6";"4";"11";"1";"1";"1";"2";"0";"0";"1";"0";"0";"0";"0";"2020-02-29 03:39:34";"0";"0";"0"
"479";"6";"65";"677";"242";"0";"5";"4";"6";"2";"0";"0";"0";"0";"0";"0";"0";"0";"0";"0";"2020-02-29 03:39:41";"0";"0";"0"
"480";"6";"65";"694";"242";"0";"0";"0";"0";"0";"0";"0";"0";"0";"0";"0";"0";"0";"0";"0";"2020-02-29 03:39:41";"0";"0";"0"
"481";"6";"65";"697";"242";"0";"12";"3";"0";"0";"0";"11";"0";"0";"0";"0";"0";"0";"0";"0";"2020-02-29 03:39:41";"0";"0";"0"
"482";"6";"65";"714";"242";"0";"0";"0";"0";"0";"0";"0";"0";"0";"0";"0";"0";"0";"0";"0";"2020-02-29 03:39:41";"0";"0";"0"
"483";"6";"65";"719";"242";"0";"0";"0";"0";"0";"0";"0";"0";"0";"0";"0";"0";"0";"0";"0";"2020-02-29 03:39:41";"0";"0";"0"
"484";"6";"66";"679";"240";"0";"15";"3";"6";"5";"5";"0";"0";"0";"0";"0";"0";"0";"0";"0";"2020-02-29 03:55:15";"0";"0";"0"
"485";"6";"66";"716";"240";"0";"1";"0";"1";"2";"0";"0";"0";"0";"0";"0";"0";"0";"0";"0";"2020-02-29 03:55:15";"0";"0";"0"
"486";"6";"66";"718";"240";"0";"24";"0";"4";"4";"2";"0";"0";"0";"0";"2";"0";"0";"0";"1";"2020-02-29 03:55:15";"0";"0";"0"
"487";"6";"66";"720";"240";"0";"5";"0";"0";"0";"0";"11";"0";"0";"0";"0";"0";"0";"0";"0";"2020-02-29 03:55:15";"0";"0";"0"
"488";"6";"66";"721";"240";"0";"3";"0";"2";"1";"0";"0";"0";"0";"0";"0";"0";"0";"0";"0";"2020-02-29 03:55:15";"0";"0";"0"
"489";"6";"66";"722";"240";"0";"8";"1";"4";"5";"4";"0";"0";"0";"0";"0";"0";"0";"2";"0";"2020-02-29 03:55:15";"0";"0";"0"
"490";"6";"66";"724";"240";"0";"11";"2";"4";"0";"1";"0";"0";"0";"0";"0";"0";"0";"0";"0";"2020-02-29 03:55:15";"0";"0";"0"
"491";"6";"66";"725";"240";"0";"7";"2";"1";"2";"0";"0";"0";"0";"0";"0";"0";"0";"0";"0";"2020-02-29 03:55:15";"0";"0";"0"
"492";"6";"66";"726";"240";"0";"12";"0";"6";"2";"0";"0";"0";"0";"0";"0";"0";"0";"0";"0";"2020-02-29 03:55:15";"0";"0";"0"
"493";"6";"70";"727";"250";"0";"5";"5";"1";"0";"4";"0";"0";"0";"0";"1";"0";"0";"0";"0";"2020-02-29 04:09:12";"0";"0";"0"
"494";"6";"70";"691";"249";"0";"6";"1";"9";"7";"3";"0";"0";"0";"0";"0";"0";"0";"4";"0";"2020-02-29 04:09:13";"0";"0";"0"
"495";"6";"70";"693";"249";"0";"6";"1";"6";"0";"1";"0";"0";"0";"0";"0";"0";"0";"0";"1";"2020-02-29 04:09:13";"0";"0";"0"
"496";"6";"63";"728";"245";"0";"3";"0";"4";"2";"1";"0";"0";"0";"0";"0";"0";"0";"1";"0";"2020-02-29 04:27:11";"0";"0";"0"
"497";"6";"63";"730";"245";"0";"0";"0";"0";"0";"0";"0";"0";"0";"0";"0";"0";"0";"0";"0";"2020-02-29 04:27:11";"0";"0";"0"
"498";"6";"63";"731";"245";"0";"20";"3";"8";"3";"2";"0";"0";"0";"0";"0";"0";"0";"0";"0";"2020-02-29 04:27:11";"0";"0";"0"
"499";"6";"68";"698";"247";"0";"14";"6";"1";"7";"8";"0";"1";"0";"0";"3";"0";"0";"0";"0";"2020-02-29 04:38:09";"0";"0";"0"
"500";"6";"68";"703";"247";"0";"9";"1";"5";"3";"3";"0";"1";"0";"0";"0";"0";"0";"0";"1";"2020-02-29 04:38:09";"0";"0";"0"
"501";"6";"68";"704";"247";"0";"6";"0";"1";"1";"0";"0";"0";"0";"0";"0";"0";"0";"0";"0";"2020-02-29 04:38:09";"0";"0";"0"
"502";"6";"68";"705";"247";"0";"6";"0";"1";"0";"0";"0";"0";"0";"0";"0";"0";"0";"0";"0";"2020-02-29 04:38:09";"0";"0";"0"
"503";"6";"68";"706";"247";"0";"17";"5";"1";"4";"2";"0";"0";"0";"0";"1";"0";"0";"1";"0";"2020-02-29 04:38:09";"0";"0";"0"
"504";"6";"68";"709";"247";"0";"2";"0";"0";"1";"0";"0";"0";"0";"0";"0";"0";"0";"0";"0";"2020-02-29 04:38:09";"0";"0";"0"
"505";"6";"68";"710";"247";"0";"9";"1";"0";"0";"0";"9";"0";"0";"0";"0";"0";"0";"0";"0";"2020-02-29 04:38:09";"0";"0";"0"
"506";"6";"68";"696";"248";"0";"5";"1";"2";"1";"2";"0";"1";"0";"0";"0";"0";"0";"1";"0";"2020-02-29 04:40:50";"0";"0";"0"
"507";"6";"68";"702";"248";"0";"6";"2";"2";"1";"2";"0";"0";"0";"0";"0";"0";"0";"0";"0";"2020-02-29 04:40:50";"0";"0";"0"
"508";"6";"68";"708";"248";"0";"0";"0";"0";"0";"0";"0";"0";"0";"0";"0";"0";"0";"0";"0";"2020-02-29 04:40:50";"0";"0";"0"
"509";"6";"68";"711";"248";"0";"3";"1";"1";"2";"1";"0";"0";"0";"0";"0";"0";"0";"0";"0";"2020-02-29 04:40:50";"0";"0";"0"
"510";"6";"68";"712";"248";"0";"1";"2";"2";"5";"3";"0";"0";"0";"0";"0";"0";"0";"1";"1";"2020-02-29 04:40:50";"0";"0";"0"
"511";"6";"68";"715";"248";"0";"5";"1";"0";"0";"0";"10";"0";"0";"0";"0";"0";"0";"0";"0";"2020-02-29 04:40:50";"0";"0";"0"
"512";"6";"68";"717";"248";"0";"4";"2";"1";"1";"1";"0";"0";"1";"0";"0";"0";"0";"0";"0";"2020-02-29 04:40:50";"0";"0";"0"
"513";"6";"72";"732";"251";"0";"3";"0";"9";"10";"1";"0";"0";"0";"0";"0";"1";"0";"4";"0";"2020-02-29 04:54:09";"0";"0";"0"
"514";"6";"72";"733";"251";"0";"0";"1";"6";"2";"1";"0";"0";"0";"0";"0";"0";"0";"0";"0";"2020-02-29 04:54:09";"0";"0";"0"
"515";"6";"72";"734";"251";"0";"9";"3";"8";"3";"1";"0";"1";"0";"0";"1";"0";"0";"0";"1";"2020-02-29 04:54:09";"0";"0";"0"
"516";"6";"67";"677";"242";"0";"0";"0";"0";"0";"0";"0";"0";"0";"0";"0";"0";"0";"0";"0";"2020-02-29 05:06:53";"0";"0";"0"
"517";"6";"67";"694";"242";"0";"2";"1";"0";"0";"0";"11";"0";"0";"0";"0";"0";"0";"0";"0";"2020-02-29 05:06:53";"0";"0";"0"
"518";"6";"67";"697";"242";"0";"0";"0";"0";"0";"0";"0";"0";"0";"0";"0";"0";"0";"0";"0";"2020-02-29 05:06:53";"0";"0";"0"
"519";"6";"67";"714";"242";"0";"0";"0";"0";"0";"0";"0";"0";"0";"0";"0";"0";"0";"0";"0";"2020-02-29 05:06:53";"0";"0";"0"
"520";"6";"67";"719";"242";"0";"0";"0";"0";"0";"0";"0";"0";"0";"0";"0";"0";"0";"0";"0";"2020-02-29 05:06:53";"0";"0";"0"
"521";"6";"73";"679";"240";"0";"8";"12";"11";"0";"1";"0";"0";"0";"0";"1";"0";"0";"0";"1";"2020-02-29 05:26:37";"0";"0";"0"
"522";"6";"73";"716";"240";"0";"1";"1";"1";"1";"1";"0";"0";"0";"0";"0";"0";"0";"1";"0";"2020-02-29 05:26:37";"0";"0";"0"
"523";"6";"73";"718";"240";"0";"10";"3";"8";"6";"0";"0";"0";"0";"0";"0";"0";"0";"2";"0";"2020-02-29 05:26:37";"0";"0";"0"
"524";"6";"73";"720";"240";"0";"10";"2";"0";"0";"0";"12";"1";"0";"0";"0";"0";"0";"0";"0";"2020-02-29 05:26:37";"0";"0";"0"
"525";"6";"73";"721";"240";"0";"8";"1";"2";"1";"0";"0";"0";"0";"0";"0";"0";"0";"1";"1";"2020-02-29 05:26:37";"0";"0";"0"
"526";"6";"73";"722";"240";"0";"0";"0";"0";"0";"0";"0";"0";"0";"0";"0";"0";"0";"0";"0";"2020-02-29 05:26:37";"0";"0";"0"
"527";"6";"73";"724";"240";"0";"0";"0";"0";"0";"0";"0";"0";"0";"0";"0";"0";"0";"0";"0";"2020-02-29 05:26:37";"0";"0";"0"
"528";"6";"73";"725";"240";"0";"8";"4";"7";"0";"1";"0";"0";"0";"0";"1";"0";"0";"0";"0";"2020-02-29 05:26:37";"0";"0";"0"
"529";"6";"73";"726";"240";"0";"0";"0";"0";"0";"0";"0";"0";"0";"0";"0";"0";"0";"0";"0";"2020-02-29 05:26:37";"0";"0";"0"
"530";"6";"73";"692";"245";"0";"0";"0";"0";"0";"0";"0";"0";"0";"0";"0";"0";"0";"0";"0";"2020-02-29 05:27:06";"0";"0";"0"
"531";"6";"73";"695";"245";"0";"11";"1";"4";"4";"1";"0";"0";"0";"0";"0";"0";"0";"1";"0";"2020-02-29 05:27:06";"0";"0";"0"
"532";"6";"73";"699";"245";"0";"10";"1";"8";"1";"1";"0";"0";"0";"0";"0";"0";"0";"1";"0";"2020-02-29 05:27:06";"0";"0";"0"
"533";"6";"73";"701";"245";"0";"9";"4";"5";"1";"0";"0";"1";"1";"0";"0";"0";"0";"0";"0";"2020-02-29 05:27:06";"0";"0";"0"
"534";"6";"73";"707";"245";"0";"10";"4";"13";"4";"3";"0";"0";"0";"0";"0";"0";"0";"1";"0";"2020-02-29 05:27:06";"0";"0";"0"
"535";"6";"73";"728";"245";"0";"0";"1";"0";"2";"0";"0";"0";"0";"0";"0";"0";"0";"0";"0";"2020-02-29 05:27:06";"0";"0";"0"
"536";"6";"73";"730";"245";"0";"0";"0";"0";"0";"0";"0";"0";"0";"0";"0";"0";"0";"0";"0";"2020-02-29 05:27:06";"0";"0";"0"
"537";"6";"73";"731";"245";"0";"4";"1";"4";"0";"1";"0";"0";"0";"0";"0";"0";"0";"0";"0";"2020-02-29 05:27:06";"0";"0";"0"
"538";"6";"75";"732";"251";"0";"12";"3";"6";"7";"1";"0";"0";"0";"0";"1";"0";"0";"4";"1";"2020-02-29 06:30:19";"0";"0";"0"
"539";"6";"75";"733";"251";"0";"4";"4";"6";"2";"2";"0";"0";"0";"0";"0";"0";"0";"1";"0";"2020-02-29 06:30:19";"0";"0";"0"
"540";"6";"75";"734";"251";"0";"8";"1";"8";"2";"2";"0";"0";"0";"0";"3";"0";"0";"0";"1";"2020-02-29 06:30:19";"0";"0";"0"
"541";"6";"74";"698";"247";"0";"26";"6";"9";"6";"1";"0";"0";"0";"0";"2";"0";"0";"4";"1";"2020-02-29 06:30:59";"0";"0";"0"
"542";"6";"74";"703";"247";"0";"21";"5";"0";"3";"1";"0";"0";"0";"0";"1";"0";"0";"0";"0";"2020-02-29 06:30:59";"0";"0";"0"
"543";"6";"74";"704";"247";"0";"2";"0";"3";"1";"0";"0";"0";"0";"0";"0";"0";"0";"0";"0";"2020-02-29 06:30:59";"0";"0";"0"
"544";"6";"74";"705";"247";"0";"2";"0";"0";"0";"0";"0";"0";"0";"0";"0";"0";"0";"0";"0";"2020-02-29 06:30:59";"0";"0";"0"
"545";"6";"74";"706";"247";"0";"7";"2";"4";"2";"0";"0";"0";"0";"0";"0";"0";"0";"1";"0";"2020-02-29 06:30:59";"0";"0";"0"
"546";"6";"74";"709";"247";"0";"0";"0";"0";"0";"0";"0";"0";"0";"0";"0";"0";"0";"0";"0";"2020-02-29 06:30:59";"0";"0";"0"
"547";"6";"74";"710";"247";"0";"3";"0";"0";"0";"0";"12";"0";"0";"0";"0";"0";"0";"0";"0";"2020-02-29 06:30:59";"0";"0";"0"
"548";"6";"75";"737";"252";"0";"27";"5";"6";"5";"2";"0";"0";"0";"0";"0";"0";"0";"2";"2";"2020-02-29 06:31:27";"0";"0";"0"
"549";"6";"75";"739";"252";"0";"11";"1";"3";"3";"0";"0";"0";"0";"0";"0";"0";"0";"0";"1";"2020-02-29 06:31:27";"0";"0";"0"
"550";"6";"74";"727";"250";"0";"6";"3";"8";"0";"0";"0";"2";"1";"0";"0";"0";"0";"0";"1";"2020-02-29 06:31:44";"0";"0";"0"
"551";"6";"77";"696";"248";"0";"6";"5";"2";"2";"2";"0";"1";"0";"0";"0";"0";"0";"0";"0";"2020-02-29 06:57:12";"0";"0";"0"
"552";"6";"77";"702";"248";"0";"0";"0";"0";"0";"0";"0";"0";"0";"0";"0";"0";"0";"0";"0";"2020-02-29 06:57:12";"0";"0";"0"
"553";"6";"77";"708";"248";"0";"3";"2";"3";"0";"1";"0";"0";"0";"0";"0";"0";"0";"0";"0";"2020-02-29 06:57:12";"0";"0";"0"
"554";"6";"77";"711";"248";"0";"0";"1";"0";"1";"1";"0";"0";"0";"0";"0";"0";"0";"0";"0";"2020-02-29 06:57:12";"0";"0";"0"
"555";"6";"77";"712";"248";"0";"3";"1";"1";"1";"3";"0";"0";"0";"0";"0";"0";"0";"0";"0";"2020-02-29 06:57:12";"0";"0";"0"
"556";"6";"77";"715";"248";"0";"7";"3";"0";"0";"0";"16";"0";"0";"0";"0";"0";"0";"0";"0";"2020-02-29 06:57:12";"0";"0";"0"
"557";"6";"77";"717";"248";"0";"6";"2";"1";"6";"3";"0";"1";"0";"0";"0";"0";"0";"0";"0";"2020-02-29 06:57:12";"0";"0";"0"
"558";"6";"76";"678";"239";"0";"8";"6";"11";"2";"1";"0";"0";"0";"0";"2";"0";"0";"0";"0";"2020-02-29 06:57:51";"0";"0";"0"
"559";"6";"77";"691";"249";"0";"7";"5";"4";"8";"1";"0";"0";"0";"0";"2";"0";"0";"1";"0";"2020-02-29 06:57:59";"0";"0";"0"
"560";"6";"77";"693";"249";"0";"3";"2";"2";"2";"1";"0";"0";"0";"0";"0";"0";"0";"0";"0";"2020-02-29 06:57:59";"0";"0";"0"
"561";"6";"76";"692";"245";"0";"4";"1";"5";"3";"0";"0";"0";"0";"0";"0";"0";"0";"0";"0";"2020-02-29 06:59:56";"0";"0";"0"
"562";"6";"76";"695";"245";"0";"3";"3";"5";"5";"1";"0";"0";"0";"0";"0";"0";"0";"0";"0";"2020-02-29 06:59:56";"0";"0";"0"
"563";"6";"76";"699";"245";"0";"7";"1";"9";"3";"6";"0";"0";"0";"0";"0";"0";"0";"0";"0";"2020-02-29 06:59:56";"0";"0";"0"
"564";"6";"76";"701";"245";"0";"7";"2";"8";"1";"1";"0";"0";"0";"0";"1";"0";"0";"0";"0";"2020-02-29 06:59:56";"0";"0";"0"
"565";"6";"76";"707";"245";"0";"3";"1";"6";"3";"1";"0";"0";"0";"0";"0";"0";"0";"0";"0";"2020-02-29 06:59:56";"0";"0";"0"
"566";"6";"76";"728";"245";"0";"10";"7";"9";"4";"2";"0";"2";"1";"0";"1";"0";"0";"0";"0";"2020-02-29 06:59:56";"0";"0";"0"
"567";"6";"76";"730";"245";"0";"0";"0";"0";"0";"0";"0";"0";"0";"0";"0";"0";"0";"0";"0";"2020-02-29 06:59:56";"0";"0";"0"
"568";"6";"76";"731";"245";"0";"9";"1";"6";"2";"1";"0";"0";"0";"0";"0";"0";"0";"0";"0";"2020-02-29 06:59:56";"0";"0";"0"
"569";"6";"78";"677";"242";"0";"2";"3";"3";"3";"0";"0";"0";"0";"0";"0";"0";"0";"0";"0";"2020-02-29 07:23:46";"0";"0";"0"
"570";"6";"78";"694";"242";"0";"0";"0";"0";"0";"0";"0";"0";"0";"0";"0";"0";"0";"0";"0";"2020-02-29 07:23:46";"0";"0";"0"
"571";"6";"78";"697";"242";"0";"5";"1";"1";"0";"0";"5";"0";"0";"0";"0";"0";"0";"0";"0";"2020-02-29 07:23:46";"0";"0";"0"
"572";"6";"78";"714";"242";"0";"0";"0";"0";"0";"0";"0";"0";"0";"0";"0";"0";"0";"0";"0";"2020-02-29 07:23:46";"0";"0";"0"
"573";"6";"78";"719";"242";"0";"0";"0";"0";"0";"0";"0";"0";"0";"0";"0";"0";"0";"0";"0";"2020-02-29 07:23:46";"0";"0";"0"
"574";"6";"78";"742";"242";"0";"2";"3";"6";"0";"4";"0";"1";"1";"0";"0";"0";"0";"0";"0";"2020-02-29 07:23:46";"0";"0";"0"
"575";"6";"78";"698";"247";"0";"10";"3";"3";"1";"1";"0";"0";"0";"0";"0";"0";"0";"0";"0";"2020-02-29 07:23:47";"0";"0";"0"
"576";"6";"78";"703";"247";"0";"12";"4";"1";"0";"2";"0";"0";"0";"0";"1";"0";"0";"0";"0";"2020-02-29 07:23:47";"0";"0";"0"
"577";"6";"78";"704";"247";"0";"2";"0";"1";"0";"0";"0";"0";"0";"0";"0";"0";"0";"0";"0";"2020-02-29 07:23:47";"0";"0";"0"
"578";"6";"78";"705";"247";"0";"2";"2";"1";"0";"0";"0";"0";"0";"0";"0";"0";"0";"0";"0";"2020-02-29 07:23:47";"0";"0";"0"
"579";"6";"78";"706";"247";"0";"4";"2";"1";"3";"0";"0";"1";"0";"0";"0";"0";"0";"0";"0";"2020-02-29 07:23:47";"0";"0";"0"
"580";"6";"78";"709";"247";"0";"1";"0";"1";"0";"2";"0";"0";"1";"0";"0";"0";"0";"0";"0";"2020-02-29 07:23:47";"0";"0";"0"
"581";"6";"78";"710";"247";"0";"3";"0";"0";"0";"0";"12";"0";"0";"0";"0";"0";"0";"0";"0";"2020-02-29 07:23:47";"0";"0";"0"
"582";"6";"79";"737";"252";"0";"0";"0";"0";"0";"0";"0";"0";"0";"0";"0";"0";"0";"0";"0";"2020-02-29 07:25:08";"0";"0";"0"
"583";"6";"79";"739";"252";"0";"7";"1";"0";"3";"0";"0";"0";"0";"0";"1";"0";"0";"1";"0";"2020-02-29 07:25:08";"0";"0";"0"
"584";"6";"79";"679";"240";"0";"12";"3";"8";"2";"2";"0";"0";"0";"0";"0";"0";"0";"0";"0";"2020-02-29 07:25:13";"0";"0";"0"
"585";"6";"79";"716";"240";"0";"5";"6";"2";"5";"0";"0";"0";"0";"0";"0";"0";"0";"4";"0";"2020-02-29 07:25:13";"0";"0";"0"
"586";"6";"79";"718";"240";"0";"18";"1";"8";"2";"1";"0";"1";"0";"0";"0";"0";"0";"0";"4";"2020-02-29 07:25:13";"0";"0";"0"
"587";"6";"79";"720";"240";"0";"8";"0";"0";"0";"0";"13";"0";"0";"0";"0";"0";"0";"0";"1";"2020-02-29 07:25:13";"0";"0";"0"
"588";"6";"79";"721";"240";"0";"9";"1";"8";"0";"1";"0";"0";"0";"0";"0";"0";"0";"0";"0";"2020-02-29 07:25:13";"0";"0";"0"
"589";"6";"79";"722";"240";"0";"0";"0";"0";"0";"0";"0";"0";"0";"0";"0";"0";"0";"0";"0";"2020-02-29 07:25:13";"0";"0";"0"
"590";"6";"79";"724";"240";"0";"1";"1";"2";"3";"1";"0";"1";"0";"0";"0";"0";"0";"1";"0";"2020-02-29 07:25:13";"0";"0";"0"
"591";"6";"79";"725";"240";"0";"9";"2";"5";"2";"0";"0";"0";"0";"0";"0";"0";"0";"0";"0";"2020-02-29 07:25:13";"0";"0";"0"
"592";"6";"79";"726";"240";"0";"8";"2";"3";"3";"0";"0";"0";"0";"0";"0";"0";"0";"0";"1";"2020-02-29 07:25:13";"0";"0";"0"
"593";"6";"80";"677";"242";"0";"4";"0";"2";"0";"0";"0";"0";"0";"0";"0";"0";"0";"0";"0";"2020-02-29 07:49:24";"0";"0";"0"
"594";"6";"80";"694";"242";"0";"4";"0";"0";"0";"1";"7";"0";"0";"0";"0";"0";"0";"0";"0";"2020-02-29 07:49:24";"0";"0";"0"
"595";"6";"80";"697";"242";"0";"0";"0";"0";"0";"0";"0";"0";"0";"0";"0";"0";"0";"0";"0";"2020-02-29 07:49:24";"0";"0";"0"
"596";"6";"80";"714";"242";"0";"3";"2";"5";"0";"1";"0";"0";"0";"0";"0";"0";"0";"0";"0";"2020-02-29 07:49:24";"0";"0";"0"
"597";"6";"80";"719";"242";"0";"2";"1";"2";"1";"0";"0";"0";"0";"0";"0";"0";"0";"0";"0";"2020-02-29 07:49:24";"0";"0";"0"
"598";"6";"80";"742";"242";"0";"6";"1";"0";"0";"1";"0";"0";"0";"0";"0";"0";"0";"0";"0";"2020-02-29 07:49:24";"0";"0";"0"
"599";"6";"80";"727";"250";"0";"5";"2";"0";"0";"0";"0";"0";"0";"0";"0";"0";"0";"0";"0";"2020-02-29 07:49:32";"0";"0";"0"
"600";"6";"81";"679";"240";"0";"11";"1";"2";"2";"0";"0";"0";"0";"0";"0";"0";"0";"2";"1";"2020-02-29 07:55:17";"0";"0";"0"
"601";"6";"81";"716";"240";"0";"13";"5";"2";"4";"3";"0";"0";"0";"0";"0";"0";"0";"0";"2";"2020-02-29 07:55:17";"0";"0";"0"
"602";"6";"81";"718";"240";"0";"20";"3";"5";"5";"1";"0";"0";"0";"0";"0";"0";"0";"0";"4";"2020-02-29 07:55:17";"0";"0";"0"
"603";"6";"81";"720";"240";"0";"6";"0";"0";"0";"0";"6";"0";"0";"0";"0";"0";"0";"0";"0";"2020-02-29 07:55:17";"0";"0";"0"
"604";"6";"81";"721";"240";"0";"14";"2";"4";"4";"1";"0";"0";"0";"0";"0";"0";"0";"2";"0";"2020-02-29 07:55:17";"0";"0";"0"
"605";"6";"81";"722";"240";"0";"0";"0";"0";"0";"0";"0";"0";"0";"0";"0";"0";"0";"0";"0";"2020-02-29 07:55:17";"0";"0";"0"
"606";"6";"81";"724";"240";"0";"8";"1";"2";"3";"1";"0";"0";"0";"0";"0";"0";"0";"0";"0";"2020-02-29 07:55:17";"0";"0";"0"
"607";"6";"81";"725";"240";"0";"10";"1";"4";"2";"0";"0";"0";"0";"0";"0";"0";"0";"1";"0";"2020-02-29 07:55:17";"0";"0";"0"
"608";"6";"81";"726";"240";"0";"13";"1";"0";"2";"0";"0";"0";"0";"0";"0";"0";"0";"2";"0";"2020-02-29 07:55:17";"0";"0";"0"
"609";"6";"82";"696";"248";"0";"1";"1";"1";"3";"1";"0";"0";"0";"0";"0";"0";"0";"0";"0";"2020-02-29 08:11:53";"0";"0";"0"
"610";"6";"82";"702";"248";"0";"1";"0";"1";"2";"0";"0";"0";"0";"0";"0";"0";"0";"2";"0";"2020-02-29 08:11:53";"0";"0";"0"
"611";"6";"82";"708";"248";"0";"3";"0";"0";"1";"2";"0";"0";"0";"0";"0";"0";"0";"1";"0";"2020-02-29 08:11:53";"0";"0";"0"
"612";"6";"82";"711";"248";"0";"1";"0";"1";"3";"2";"0";"0";"0";"0";"0";"0";"0";"1";"0";"2020-02-29 08:11:53";"0";"0";"0"
"613";"6";"82";"712";"248";"0";"1";"0";"0";"1";"0";"0";"0";"0";"0";"0";"0";"0";"0";"0";"2020-02-29 08:11:53";"0";"0";"0"
"614";"6";"82";"715";"248";"0";"2";"0";"0";"0";"0";"8";"1";"0";"0";"0";"0";"0";"0";"0";"2020-02-29 08:11:53";"0";"0";"0"
"615";"6";"82";"717";"248";"0";"1";"2";"1";"1";"3";"0";"0";"0";"0";"0";"0";"0";"0";"1";"2020-02-29 08:11:53";"0";"0";"0"
"616";"6";"82";"727";"250";"0";"4";"2";"1";"4";"1";"0";"0";"0";"0";"1";"1";"0";"1";"0";"2020-02-29 08:12:12";"0";"0";"0"
"617";"6";"83";"678";"239";"0";"13";"4";"14";"3";"0";"0";"0";"0";"0";"1";"0";"0";"1";"1";"2020-02-29 08:25:54";"0";"0";"0"
"618";"6";"83";"737";"252";"0";"0";"0";"0";"0";"0";"0";"0";"0";"0";"0";"0";"0";"0";"0";"2020-02-29 08:26:08";"0";"0";"0"
"619";"6";"83";"739";"252";"0";"4";"1";"3";"2";"0";"0";"0";"0";"0";"0";"0";"0";"0";"0";"2020-02-29 08:26:08";"0";"0";"0"
"620";"6";"87";"698";"247";"0";"32";"8";"8";"13";"1";"0";"0";"0";"0";"2";"0";"0";"4";"1";"2020-02-29 09:25:57";"0";"0";"0"
"621";"6";"87";"703";"247";"0";"14";"5";"8";"3";"4";"0";"0";"0";"0";"2";"0";"0";"0";"2";"2020-02-29 09:25:57";"0";"0";"0"
"622";"6";"87";"704";"247";"0";"0";"0";"1";"1";"0";"0";"0";"0";"0";"0";"0";"0";"1";"0";"2020-02-29 09:25:57";"0";"0";"0"
"623";"6";"87";"705";"247";"0";"4";"1";"0";"0";"0";"0";"0";"0";"0";"0";"0";"0";"0";"0";"2020-02-29 09:25:57";"0";"0";"0"
"624";"6";"87";"706";"247";"0";"15";"3";"5";"1";"2";"0";"0";"0";"0";"0";"0";"0";"0";"0";"2020-02-29 09:25:57";"0";"0";"0"
"625";"6";"87";"709";"247";"0";"0";"0";"0";"0";"0";"0";"0";"0";"0";"0";"0";"0";"0";"0";"2020-02-29 09:25:57";"0";"0";"0"
"626";"6";"87";"710";"247";"0";"6";"0";"0";"0";"0";"15";"0";"0";"0";"0";"0";"0";"0";"0";"2020-02-29 09:25:57";"0";"0";"0"
"627";"6";"87";"679";"240";"0";"45";"11";"14";"2";"2";"0";"2";"0";"0";"0";"0";"0";"1";"0";"2020-02-29 09:26:11";"0";"0";"0"
"628";"6";"87";"716";"240";"0";"10";"1";"1";"1";"0";"0";"0";"0";"0";"0";"0";"0";"0";"0";"2020-02-29 09:26:11";"0";"0";"0"
"629";"6";"87";"718";"240";"0";"23";"6";"8";"2";"0";"0";"0";"0";"0";"0";"0";"0";"0";"1";"2020-02-29 09:26:11";"0";"0";"0"
"630";"6";"87";"720";"240";"0";"14";"1";"1";"0";"0";"13";"1";"0";"0";"0";"0";"0";"0";"0";"2020-02-29 09:26:11";"0";"0";"0"
"631";"6";"87";"721";"240";"0";"19";"1";"5";"5";"0";"0";"0";"0";"0";"0";"0";"0";"2";"0";"2020-02-29 09:26:11";"0";"0";"0"
"632";"6";"87";"722";"240";"0";"0";"0";"0";"0";"0";"0";"0";"0";"0";"0";"0";"0";"0";"0";"2020-02-29 09:26:11";"0";"0";"0"
"633";"6";"87";"724";"240";"0";"13";"3";"6";"2";"1";"0";"0";"0";"0";"0";"0";"0";"1";"0";"2020-02-29 09:26:11";"0";"0";"0"
"634";"6";"87";"725";"240";"0";"21";"2";"2";"3";"3";"0";"0";"0";"0";"0";"0";"0";"0";"1";"2020-02-29 09:26:11";"0";"0";"0"
"635";"6";"87";"726";"240";"0";"30";"3";"9";"5";"1";"0";"0";"0";"0";"0";"0";"0";"0";"0";"2020-02-29 09:26:11";"0";"0";"0"
"733";"8";"116";"2";"115";"0";"3";"3";"3";"8";"3";"0";"0";"0";"0";"0";"0";"5";"2";"0";"2020-03-09 14:00:27";"0";"0";"0"
"734";"8";"116";"357";"115";"0";"2";"0";"0";"1";"0";"0";"0";"0";"0";"0";"0";"0";"0";"0";"2020-03-09 14:00:27";"0";"0";"0"
"735";"8";"116";"431";"115";"0";"0";"0";"0";"0";"0";"0";"0";"0";"0";"0";"0";"0";"0";"0";"2020-03-09 14:00:27";"0";"0";"0"
"761";"8";"118";"2";"115";"0";"1";"1";"1";"1";"1";"1";"1";"1";"1";"1";"1";"1";"1";"1";"2020-03-13 10:18:48";"0";"0";"0"
"765";"8";"122";"2";"289";"0";"3";"0";"0";"0";"0";"3";"0";"0";"0";"0";"0";"0";"1";"1";"2020-03-13 10:29:48";"0";"0";"0"
"766";"8";"122";"251";"289";"0";"3";"0";"0";"0";"0";"2";"0";"0";"0";"0";"0";"0";"1";"1";"2020-03-13 10:29:48";"0";"0";"0"
"767";"8";"122";"431";"289";"0";"3";"0";"0";"0";"0";"1";"0";"0";"0";"0";"0";"0";"1";"0";"2020-03-13 10:29:48";"0";"0";"0"
"768";"5";"130";"599";"230";"0";"14";"10";"2";"2";"1";"0";"0";"0";"0";"0";"0";"9";"0";"1";"2020-03-14 00:47:10";"0";"0";"0"
"769";"5";"130";"600";"230";"0";"0";"0";"0";"0";"0";"0";"0";"0";"0";"0";"0";"0";"0";"0";"2020-03-14 00:47:10";"0";"0";"0"
"770";"5";"130";"900";"230";"0";"0";"0";"0";"0";"0";"0";"0";"0";"0";"0";"0";"0";"0";"0";"2020-03-14 00:47:10";"0";"0";"0"
"771";"5";"130";"964";"230";"0";"4";"3";"7";"2";"3";"0";"0";"0";"0";"0";"0";"2";"1";"1";"2020-03-14 00:47:10";"0";"0";"0"
"772";"5";"130";"968";"230";"0";"12";"5";"3";"2";"2";"0";"0";"1";"0";"0";"0";"5";"0";"0";"2020-03-14 00:47:10";"0";"0";"0"
"773";"5";"130";"980";"230";"0";"0";"0";"0";"0";"0";"0";"0";"0";"0";"0";"0";"0";"0";"0";"2020-03-14 00:47:10";"0";"0";"0"
"774";"5";"130";"1006";"230";"0";"11";"4";"0";"0";"0";"10";"0";"0";"0";"0";"0";"0";"0";"0";"2020-03-14 00:47:10";"0";"0";"0"
"775";"5";"130";"1153";"273";"0";"37";"20";"3";"5";"4";"13";"1";"1";"0";"0";"0";"6";"1";"0";"2020-03-14 00:47:10";"0";"0";"0"
"776";"5";"130";"910";"273";"0";"17";"10";"4";"1";"5";"0";"1";"0";"0";"0";"0";"2";"0";"0";"2020-03-14 00:47:12";"0";"0";"0"
"777";"5";"130";"912";"273";"0";"5";"2";"0";"0";"0";"0";"0";"0";"0";"0";"0";"1";"0";"0";"2020-03-14 00:47:12";"0";"0";"0"
"778";"5";"130";"928";"273";"0";"0";"0";"0";"0";"0";"0";"0";"0";"0";"0";"0";"0";"0";"0";"2020-03-14 00:47:12";"0";"0";"0"
"779";"5";"130";"932";"273";"0";"5";"2";"1";"1";"0";"0";"0";"0";"0";"0";"0";"4";"1";"0";"2020-03-14 00:47:12";"0";"0";"0"
"780";"5";"130";"933";"273";"0";"0";"0";"0";"0";"0";"0";"0";"0";"0";"0";"0";"0";"0";"0";"2020-03-14 00:47:12";"0";"0";"0"
"781";"5";"130";"1005";"273";"0";"0";"0";"0";"0";"0";"0";"0";"0";"0";"0";"0";"0";"0";"0";"2020-03-14 00:47:12";"0";"0";"0"
"782";"5";"131";"605";"231";"0";"29";"7";"5";"4";"5";"0";"0";"0";"0";"0";"0";"4";"3";"1";"2020-03-14 01:18:06";"0";"0";"0"
"783";"5";"131";"606";"231";"0";"0";"0";"0";"0";"0";"3";"0";"0";"0";"0";"0";"0";"0";"0";"2020-03-14 01:18:07";"0";"0";"0"
"784";"5";"131";"607";"231";"0";"16";"7";"4";"4";"4";"0";"1";"0";"0";"0";"0";"9";"1";"3";"2020-03-14 01:18:07";"0";"0";"0"
"785";"5";"131";"611";"231";"0";"0";"0";"0";"0";"0";"0";"0";"0";"0";"0";"0";"0";"0";"0";"2020-03-14 01:18:07";"0";"0";"0"
"786";"5";"131";"614";"231";"0";"6";"2";"1";"0";"0";"0";"0";"0";"0";"0";"0";"1";"0";"0";"2020-03-14 01:18:07";"0";"0";"0"
"787";"5";"131";"616";"231";"0";"12";"2";"3";"3";"5";"0";"0";"0";"0";"0";"0";"2";"0";"0";"2020-03-14 01:18:07";"0";"0";"0"
"788";"5";"131";"618";"231";"0";"0";"0";"0";"0";"0";"0";"0";"0";"0";"0";"0";"0";"0";"0";"2020-03-14 01:18:07";"0";"0";"0"
"789";"5";"131";"619";"231";"0";"10";"5";"4";"1";"0";"0";"0";"0";"0";"0";"0";"4";"0";"0";"2020-03-14 01:18:07";"0";"0";"0"
"790";"5";"131";"620";"231";"0";"0";"0";"0";"0";"0";"0";"0";"0";"0";"0";"0";"0";"0";"0";"2020-03-14 01:18:07";"0";"0";"0"
"791";"5";"131";"637";"231";"0";"0";"0";"0";"0";"0";"0";"0";"0";"0";"0";"0";"0";"0";"0";"2020-03-14 01:18:07";"0";"0";"0"
"792";"5";"131";"639";"231";"0";"5";"5";"0";"1";"3";"0";"0";"0";"0";"0";"0";"1";"0";"0";"2020-03-14 01:18:07";"0";"0";"0"
"793";"5";"131";"640";"231";"0";"0";"0";"0";"0";"0";"0";"0";"0";"0";"0";"0";"0";"0";"0";"2020-03-14 01:18:07";"0";"0";"0"
"794";"5";"131";"642";"231";"0";"0";"0";"0";"0";"0";"0";"0";"0";"0";"0";"0";"0";"0";"0";"2020-03-14 01:18:07";"0";"0";"0"
"795";"5";"131";"648";"231";"0";"17";"1";"0";"0";"0";"8";"0";"0";"0";"0";"0";"0";"0";"0";"2020-03-14 01:18:07";"0";"0";"0"
"796";"5";"131";"982";"231";"0";"3";"5";"1";"0";"2";"0";"0";"0";"0";"0";"0";"2";"0";"0";"2020-03-14 01:18:07";"0";"0";"0"
"797";"5";"131";"1026";"287";"0";"17";"22";"2";"5";"8";"0";"0";"0";"0";"0";"0";"7";"0";"0";"2020-03-14 01:35:53";"0";"0";"0"
"798";"5";"131";"1051";"287";"0";"1";"0";"0";"0";"1";"0";"0";"0";"0";"0";"0";"1";"0";"0";"2020-03-14 01:35:53";"0";"0";"0"
"799";"5";"131";"1073";"287";"0";"9";"10";"4";"1";"1";"0";"1";"0";"0";"0";"0";"4";"0";"0";"2020-03-14 01:35:53";"0";"0";"0"
"800";"5";"131";"1085";"287";"0";"2";"2";"1";"0";"0";"0";"0";"0";"0";"0";"0";"2";"0";"0";"2020-03-14 01:35:53";"0";"0";"0"
"801";"5";"131";"1089";"287";"0";"9";"10";"1";"2";"3";"0";"0";"0";"0";"0";"0";"1";"0";"0";"2020-03-14 01:35:53";"0";"0";"0"
"802";"5";"131";"1090";"287";"0";"20";"5";"3";"0";"1";"0";"0";"0";"0";"0";"0";"6";"0";"0";"2020-03-14 01:35:53";"0";"0";"0"
"803";"5";"131";"1091";"287";"0";"0";"6";"0";"0";"0";"0";"0";"0";"0";"0";"0";"1";"0";"0";"2020-03-14 01:35:53";"0";"0";"0"
"804";"5";"131";"1106";"287";"0";"4";"5";"3";"0";"0";"0";"0";"0";"0";"0";"0";"4";"0";"0";"2020-03-14 01:35:53";"0";"0";"0"
"805";"5";"131";"1153";"287";"0";"33";"6";"4";"3";"2";"0";"0";"0";"0";"0";"0";"8";"0";"0";"2020-03-14 01:35:53";"0";"0";"0"
"806";"9";"138";"605";"232";"0";"0";"0";"0";"0";"0";"0";"0";"0";"0";"0";"0";"0";"0";"0";"2020-03-14 02:16:26";"0";"0";"0"
"807";"9";"138";"976";"232";"0";"8";"4";"4";"6";"1";"0";"0";"0";"0";"1";"0";"4";"2";"1";"2020-03-14 02:16:26";"0";"0";"0"
"808";"9";"138";"1052";"232";"0";"3";"5";"1";"0";"0";"0";"1";"0";"0";"0";"0";"1";"0";"0";"2020-03-14 02:16:26";"0";"0";"0"
"809";"9";"138";"1056";"232";"0";"1";"0";"0";"0";"0";"1";"1";"0";"0";"0";"0";"0";"0";"0";"2020-03-14 02:16:26";"0";"0";"0"
"810";"9";"138";"1059";"232";"0";"0";"7";"2";"0";"0";"0";"0";"0";"0";"0";"0";"2";"0";"0";"2020-03-14 02:16:26";"0";"0";"0"
"811";"9";"138";"1107";"232";"0";"4";"4";"0";"0";"0";"3";"0";"0";"0";"0";"0";"1";"0";"0";"2020-03-14 02:16:26";"0";"0";"0"
"812";"9";"138";"1108";"232";"0";"3";"8";"1";"1";"0";"0";"0";"0";"0";"0";"0";"5";"1";"0";"2020-03-14 02:16:26";"0";"0";"0"
"813";"9";"138";"1109";"232";"0";"0";"0";"0";"0";"0";"0";"0";"0";"0";"0";"0";"0";"0";"0";"2020-03-14 02:16:26";"0";"0";"0"
"814";"9";"138";"1110";"232";"0";"0";"0";"0";"0";"0";"0";"0";"0";"0";"0";"0";"0";"0";"0";"2020-03-14 02:16:26";"0";"0";"0"
"815";"9";"138";"1111";"232";"0";"0";"0";"0";"0";"0";"0";"0";"0";"0";"0";"0";"0";"0";"0";"2020-03-14 02:16:26";"0";"0";"0"
"816";"9";"138";"1112";"232";"0";"0";"0";"0";"0";"0";"0";"0";"0";"0";"0";"0";"0";"0";"0";"2020-03-14 02:16:26";"0";"0";"0"
"817";"9";"138";"1113";"232";"0";"0";"0";"0";"0";"0";"0";"0";"0";"0";"0";"0";"0";"0";"0";"2020-03-14 02:16:26";"0";"0";"0"
"818";"9";"138";"1114";"232";"0";"0";"0";"0";"0";"0";"0";"0";"0";"0";"0";"0";"0";"0";"0";"2020-03-14 02:16:26";"0";"0";"0"
"819";"9";"138";"1115";"232";"0";"0";"1";"0";"0";"0";"0";"0";"0";"0";"0";"0";"1";"0";"0";"2020-03-14 02:16:26";"0";"0";"0"
"820";"9";"138";"1116";"232";"0";"0";"0";"0";"0";"0";"0";"0";"0";"0";"0";"0";"0";"0";"0";"2020-03-14 02:16:26";"0";"0";"0"
"821";"9";"138";"1119";"232";"0";"0";"0";"0";"0";"0";"0";"0";"0";"0";"0";"0";"0";"0";"0";"2020-03-14 02:16:26";"0";"0";"0"
"822";"9";"138";"1153";"254";"0";"0";"1";"2";"0";"0";"0";"0";"0";"0";"0";"0";"1";"0";"0";"2020-03-14 02:16:26";"0";"0";"0"
"823";"9";"138";"753";"254";"0";"3";"4";"1";"0";"1";"0";"0";"0";"0";"0";"0";"2";"0";"0";"2020-03-14 02:16:27";"0";"0";"0"
"824";"9";"138";"754";"254";"0";"3";"14";"2";"1";"3";"0";"1";"0";"0";"0";"0";"6";"0";"0";"2020-03-14 02:16:27";"0";"0";"0"
"825";"9";"138";"755";"254";"0";"8";"3";"0";"0";"0";"4";"2";"0";"0";"0";"0";"0";"0";"0";"2020-03-14 02:16:27";"0";"0";"0"
"826";"9";"138";"756";"254";"0";"0";"1";"1";"0";"0";"0";"0";"0";"0";"0";"0";"0";"0";"0";"2020-03-14 02:16:27";"0";"0";"0"
"827";"9";"138";"757";"254";"0";"0";"0";"0";"0";"0";"0";"0";"0";"0";"0";"0";"0";"0";"0";"2020-03-14 02:16:27";"0";"0";"0"
"828";"9";"138";"758";"254";"0";"0";"0";"0";"0";"0";"0";"0";"0";"0";"0";"0";"0";"0";"0";"2020-03-14 02:16:27";"0";"0";"0"
"829";"9";"138";"762";"254";"0";"0";"0";"0";"0";"0";"0";"0";"0";"0";"0";"0";"0";"0";"0";"2020-03-14 02:16:27";"0";"0";"0"
"830";"9";"138";"763";"254";"0";"0";"0";"0";"0";"0";"0";"0";"0";"0";"0";"0";"0";"0";"0";"2020-03-14 02:16:27";"0";"0";"0"
"831";"9";"138";"768";"254";"0";"2";"4";"4";"0";"0";"0";"0";"0";"0";"0";"0";"2";"0";"0";"2020-03-14 02:16:27";"0";"0";"0"
"832";"9";"138";"772";"254";"0";"0";"0";"0";"0";"0";"0";"0";"0";"0";"0";"0";"1";"0";"0";"2020-03-14 02:16:27";"0";"0";"0"
"833";"9";"138";"773";"254";"0";"2";"3";"4";"0";"0";"0";"0";"0";"0";"0";"0";"5";"0";"0";"2020-03-14 02:16:27";"0";"0";"0"
"834";"9";"138";"774";"254";"0";"0";"0";"0";"0";"0";"0";"0";"0";"0";"0";"0";"0";"0";"0";"2020-03-14 02:16:27";"0";"0";"0"
"835";"9";"138";"777";"254";"0";"0";"1";"0";"2";"0";"0";"0";"0";"0";"0";"0";"0";"0";"0";"2020-03-14 02:16:27";"0";"0";"0"
"836";"9";"138";"778";"254";"0";"0";"0";"0";"0";"0";"0";"0";"0";"0";"0";"0";"0";"0";"0";"2020-03-14 02:16:27";"0";"0";"0"
"837";"5";"132";"786";"279";"0";"0";"0";"0";"0";"0";"0";"0";"0";"0";"0";"0";"0";"0";"0";"2020-03-14 03:02:12";"0";"0";"0"
"838";"5";"132";"787";"279";"0";"3";"3";"0";"0";"0";"0";"0";"0";"0";"0";"0";"4";"0";"0";"2020-03-14 03:02:12";"0";"0";"0"
"839";"5";"132";"788";"279";"0";"3";"2";"2";"0";"2";"0";"0";"0";"0";"0";"0";"5";"0";"0";"2020-03-14 03:02:12";"0";"0";"0"
"840";"5";"132";"851";"279";"0";"3";"1";"0";"0";"0";"0";"0";"0";"0";"0";"0";"1";"0";"0";"2020-03-14 03:02:12";"0";"0";"0"
"841";"5";"132";"946";"279";"0";"15";"7";"0";"0";"0";"11";"1";"1";"0";"0";"0";"0";"0";"0";"2020-03-14 03:02:12";"0";"0";"0"
"842";"5";"132";"956";"279";"0";"5";"5";"1";"0";"1";"0";"0";"0";"0";"0";"0";"1";"0";"0";"2020-03-14 03:02:12";"0";"0";"0"
"843";"5";"132";"959";"279";"0";"0";"0";"0";"0";"0";"0";"0";"0";"0";"0";"0";"0";"0";"0";"2020-03-14 03:02:12";"0";"0";"0"
"844";"5";"132";"961";"279";"0";"8";"9";"1";"1";"0";"0";"1";"0";"0";"0";"0";"3";"0";"1";"2020-03-14 03:02:12";"0";"0";"0"
"845";"5";"132";"963";"279";"0";"7";"5";"8";"2";"2";"0";"0";"0";"0";"0";"0";"6";"1";"0";"2020-03-14 03:02:12";"0";"0";"0"
"846";"5";"132";"966";"279";"0";"2";"0";"0";"0";"0";"0";"0";"0";"0";"0";"0";"3";"0";"0";"2020-03-14 03:02:12";"0";"0";"0"
"847";"5";"132";"972";"279";"0";"0";"0";"0";"0";"0";"0";"0";"0";"0";"0";"0";"0";"0";"0";"2020-03-14 03:02:12";"0";"0";"0"
"848";"5";"132";"974";"279";"0";"0";"0";"0";"0";"0";"0";"0";"0";"0";"0";"0";"0";"0";"0";"2020-03-14 03:02:12";"0";"0";"0"
"849";"5";"132";"975";"279";"0";"0";"0";"0";"0";"0";"0";"0";"0";"0";"0";"0";"0";"0";"0";"2020-03-14 03:02:12";"0";"0";"0"
"850";"5";"132";"978";"279";"0";"8";"4";"1";"2";"4";"0";"1";"1";"0";"0";"0";"2";"1";"0";"2020-03-14 03:02:12";"0";"0";"0"
"851";"5";"132";"979";"279";"0";"14";"6";"7";"2";"2";"0";"0";"0";"0";"0";"0";"2";"0";"1";"2020-03-14 03:02:12";"0";"0";"0"
"852";"5";"132";"1153";"237";"0";"1";"0";"0";"0";"0";"1";"0";"0";"0";"0";"0";"0";"0";"0";"2020-03-14 03:02:12";"0";"0";"0"
"853";"5";"132";"654";"237";"0";"15";"0";"1";"1";"0";"4";"0";"0";"0";"0";"0";"0";"0";"1";"2020-03-14 03:02:20";"0";"0";"0"
"854";"5";"132";"655";"237";"0";"1";"0";"0";"0";"0";"0";"0";"0";"0";"0";"0";"0";"0";"0";"2020-03-14 03:02:20";"0";"0";"0"
"855";"5";"132";"656";"237";"0";"9";"4";"2";"6";"5";"0";"0";"0";"0";"0";"0";"4";"2";"0";"2020-03-14 03:02:20";"0";"0";"0"
"856";"5";"132";"657";"237";"0";"5";"1";"1";"0";"1";"0";"0";"0";"0";"0";"0";"3";"0";"0";"2020-03-14 03:02:20";"0";"0";"0"
"857";"5";"132";"658";"237";"0";"4";"1";"2";"0";"0";"0";"0";"0";"0";"0";"0";"1";"0";"0";"2020-03-14 03:02:20";"0";"0";"0"
"858";"5";"132";"660";"237";"0";"6";"2";"0";"0";"1";"0";"0";"0";"0";"0";"0";"0";"0";"0";"2020-03-14 03:02:20";"0";"0";"0"
"859";"5";"132";"661";"237";"0";"2";"5";"2";"3";"0";"0";"0";"0";"0";"0";"0";"6";"1";"0";"2020-03-14 03:02:20";"0";"0";"0"
"860";"5";"132";"662";"237";"0";"0";"0";"0";"0";"0";"0";"0";"0";"0";"0";"0";"0";"0";"0";"2020-03-14 03:02:21";"0";"0";"0"
"861";"5";"132";"663";"237";"0";"4";"0";"0";"0";"0";"0";"0";"0";"0";"0";"0";"0";"0";"0";"2020-03-14 03:02:21";"0";"0";"0"
"862";"5";"132";"669";"237";"0";"10";"7";"2";"2";"5";"0";"0";"0";"0";"0";"0";"3";"1";"0";"2020-03-14 03:02:21";"0";"0";"0"
"863";"5";"132";"674";"237";"0";"0";"0";"0";"0";"0";"0";"0";"0";"0";"0";"0";"0";"0";"0";"2020-03-14 03:02:21";"0";"0";"0"
"864";"5";"132";"747";"237";"0";"17";"6";"3";"0";"1";"0";"1";"0";"0";"0";"0";"4";"0";"1";"2020-03-14 03:02:21";"0";"0";"0"
"865";"5";"132";"791";"237";"0";"6";"4";"0";"0";"3";"0";"0";"0";"0";"0";"0";"4";"0";"0";"2020-03-14 03:02:21";"0";"0";"0"
"866";"5";"132";"812";"237";"0";"0";"0";"0";"0";"0";"0";"0";"0";"0";"0";"0";"0";"0";"0";"2020-03-14 03:02:21";"0";"0";"0"
"867";"5";"131";"1088";"287";"0";"0";"0";"0";"0";"0";"0";"0";"0";"0";"0";"0";"0";"0";"0";"2020-03-14 03:04:15";"0";"0";"0"
"868";"9";"141";"1054";"288";"0";"1";"0";"0";"0";"0";"0";"0";"0";"0";"0";"0";"0";"0";"0";"2020-03-14 07:45:28";"0";"0";"0"
"869";"9";"141";"1058";"288";"0";"0";"0";"0";"0";"0";"0";"0";"0";"0";"0";"0";"0";"0";"0";"2020-03-14 07:45:28";"0";"0";"0"
"870";"9";"141";"1060";"288";"0";"0";"0";"0";"0";"0";"0";"0";"0";"0";"0";"0";"0";"0";"0";"2020-03-14 07:45:28";"0";"0";"0"
"871";"9";"141";"1061";"288";"0";"0";"0";"0";"0";"0";"0";"0";"0";"0";"0";"0";"0";"0";"0";"2020-03-14 07:45:28";"0";"0";"0"
"872";"9";"141";"1062";"288";"0";"0";"0";"0";"0";"0";"0";"0";"0";"0";"0";"0";"0";"0";"0";"2020-03-14 07:45:28";"0";"0";"0"
"873";"9";"141";"1063";"288";"0";"0";"0";"0";"0";"0";"0";"0";"0";"0";"0";"0";"0";"0";"0";"2020-03-14 07:45:28";"0";"0";"0"
"874";"9";"141";"1064";"288";"0";"0";"0";"0";"0";"0";"0";"0";"0";"0";"0";"0";"0";"0";"0";"2020-03-14 07:45:28";"0";"0";"0"
"875";"9";"141";"1067";"288";"0";"0";"0";"0";"0";"0";"0";"0";"0";"0";"0";"0";"0";"0";"0";"2020-03-14 07:45:28";"0";"0";"0"
"876";"9";"141";"1070";"288";"0";"0";"0";"0";"0";"0";"0";"0";"0";"0";"0";"0";"0";"0";"0";"2020-03-14 07:45:28";"0";"0";"0"
"877";"9";"141";"1084";"288";"0";"0";"0";"0";"0";"0";"0";"0";"0";"0";"0";"0";"0";"0";"0";"2020-03-14 07:45:28";"0";"0";"0"
"878";"9";"141";"1140";"288";"0";"0";"0";"0";"0";"0";"0";"0";"0";"0";"0";"0";"0";"0";"0";"2020-03-14 07:45:28";"0";"0";"0"
"879";"9";"141";"1153";"238";"0";"1";"0";"4";"0";"0";"0";"1";"0";"0";"0";"0";"7";"0";"0";"2020-03-14 07:45:29";"0";"0";"0"
"880";"9";"141";"591";"238";"0";"0";"0";"0";"0";"0";"0";"0";"0";"0";"0";"0";"0";"0";"0";"2020-03-14 07:45:30";"0";"0";"0"
"881";"9";"141";"604";"238";"0";"5";"4";"5";"0";"0";"0";"0";"0";"0";"0";"0";"6";"0";"1";"2020-03-14 07:45:30";"0";"0";"0"
"882";"9";"141";"652";"238";"0";"0";"0";"0";"0";"0";"0";"0";"0";"0";"0";"0";"0";"0";"0";"2020-03-14 07:45:30";"0";"0";"0"
"883";"9";"141";"671";"238";"0";"1";"2";"0";"1";"0";"0";"0";"0";"0";"0";"0";"4";"0";"0";"2020-03-14 07:45:30";"0";"0";"0"
"884";"9";"141";"672";"238";"0";"6";"11";"15";"6";"2";"0";"0";"0";"0";"0";"0";"10";"3";"0";"2020-03-14 07:45:30";"0";"0";"0"
"885";"9";"141";"673";"238";"0";"0";"0";"3";"1";"0";"0";"0";"0";"0";"0";"0";"5";"0";"0";"2020-03-14 07:45:30";"0";"0";"0"
"886";"9";"141";"675";"238";"0";"0";"0";"0";"0";"0";"0";"0";"0";"0";"0";"0";"0";"0";"0";"2020-03-14 07:45:30";"0";"0";"0"
"887";"9";"141";"676";"238";"0";"1";"1";"0";"0";"0";"5";"0";"0";"0";"0";"0";"0";"0";"0";"2020-03-14 07:45:30";"0";"0";"0"
"888";"9";"141";"759";"238";"0";"0";"0";"0";"0";"0";"0";"0";"0";"0";"0";"0";"0";"0";"0";"2020-03-14 07:45:30";"0";"0";"0"
"889";"9";"141";"938";"238";"0";"0";"0";"0";"0";"0";"0";"0";"0";"0";"0";"0";"0";"0";"0";"2020-03-14 07:45:30";"0";"0";"0"
"890";"5";"133";"795";"257";"0";"13";"7";"6";"7";"1";"0";"0";"0";"0";"0";"0";"4";"1";"0";"2020-03-14 08:30:09";"0";"0";"0"
"891";"5";"133";"796";"257";"0";"5";"4";"5";"1";"2";"0";"1";"0";"0";"0";"0";"9";"0";"0";"2020-03-14 08:30:09";"0";"0";"0"
"892";"5";"133";"797";"257";"0";"5";"2";"2";"4";"2";"0";"0";"0";"0";"0";"0";"1";"3";"0";"2020-03-14 08:30:09";"0";"0";"0"
"893";"5";"133";"798";"257";"0";"0";"0";"0";"0";"0";"0";"0";"0";"0";"0";"0";"0";"0";"0";"2020-03-14 08:30:09";"0";"0";"0"
"894";"5";"133";"799";"257";"0";"8";"3";"0";"1";"0";"0";"0";"0";"0";"0";"0";"0";"0";"0";"2020-03-14 08:30:09";"0";"0";"0"
"895";"5";"133";"800";"257";"0";"4";"2";"1";"3";"1";"0";"0";"0";"0";"0";"0";"2";"0";"0";"2020-03-14 08:30:09";"0";"0";"0"
"896";"5";"133";"804";"257";"0";"4";"1";"1";"0";"0";"0";"0";"0";"0";"0";"0";"4";"0";"0";"2020-03-14 08:30:09";"0";"0";"0"
"897";"5";"133";"805";"257";"0";"4";"2";"0";"0";"0";"8";"0";"0";"0";"0";"0";"0";"0";"0";"2020-03-14 08:30:09";"0";"0";"0"
"898";"5";"133";"806";"257";"0";"0";"0";"0";"0";"0";"0";"0";"0";"0";"0";"0";"0";"0";"0";"2020-03-14 08:30:09";"0";"0";"0"
"899";"5";"133";"807";"257";"0";"9";"4";"3";"0";"3";"0";"0";"0";"0";"0";"0";"2";"0";"0";"2020-03-14 08:30:10";"0";"0";"0"
"900";"5";"133";"808";"257";"0";"5";"2";"1";"0";"2";"0";"2";"0";"0";"0";"0";"4";"0";"0";"2020-03-14 08:30:10";"0";"0";"0"
"901";"5";"133";"813";"257";"0";"5";"1";"0";"0";"0";"6";"0";"0";"0";"0";"0";"0";"0";"0";"2020-03-14 08:30:10";"0";"0";"0"
"902";"5";"133";"843";"257";"0";"19";"4";"4";"3";"2";"0";"0";"0";"0";"0";"0";"9";"3";"0";"2020-03-14 08:30:10";"0";"0";"0"
"903";"5";"133";"885";"257";"0";"0";"0";"0";"0";"0";"0";"0";"0";"0";"0";"0";"0";"0";"0";"2020-03-14 08:30:10";"0";"0";"0"
"904";"5";"133";"1153";"275";"0";"3";"5";"6";"3";"4";"0";"0";"0";"0";"0";"0";"5";"0";"0";"2020-03-14 08:30:10";"0";"0";"0"
"905";"5";"133";"911";"275";"0";"8";"5";"1";"0";"0";"0";"0";"0";"0";"0";"0";"1";"1";"0";"2020-03-14 08:30:49";"0";"0";"0"
"906";"5";"133";"940";"275";"0";"11";"9";"4";"0";"1";"0";"0";"0";"0";"0";"0";"4";"0";"0";"2020-03-14 08:30:49";"0";"0";"0"
"907";"5";"133";"991";"275";"0";"22";"2";"1";"1";"1";"0";"1";"0";"0";"0";"0";"4";"1";"1";"2020-03-14 08:30:49";"0";"0";"0"
"908";"5";"133";"996";"275";"0";"0";"0";"0";"0";"0";"0";"0";"0";"0";"0";"0";"0";"0";"0";"2020-03-14 08:30:49";"0";"0";"0"
"909";"5";"133";"998";"275";"0";"1";"1";"3";"0";"0";"0";"0";"0";"0";"0";"0";"1";"0";"0";"2020-03-14 08:30:49";"0";"0";"0"
"910";"5";"133";"1017";"275";"0";"8";"5";"1";"4";"7";"0";"1";"0";"0";"0";"0";"7";"2";"0";"2020-03-14 08:30:49";"0";"0";"0"
"911";"5";"133";"1033";"275";"0";"9";"2";"0";"0";"1";"13";"0";"0";"0";"0";"0";"1";"0";"0";"2020-03-14 08:30:49";"0";"0";"0"
"912";"5";"133";"1037";"275";"0";"0";"0";"0";"0";"0";"0";"0";"0";"0";"0";"0";"0";"0";"0";"2020-03-14 08:30:49";"0";"0";"0"
"913";"5";"133";"1041";"275";"0";"0";"0";"0";"0";"0";"0";"0";"0";"0";"0";"0";"0";"0";"0";"2020-03-14 08:30:49";"0";"0";"0"
"914";"5";"133";"1043";"275";"0";"7";"6";"0";"1";"1";"0";"1";"0";"0";"0";"0";"4";"0";"0";"2020-03-14 08:30:49";"0";"0";"0"
"915";"5";"134";"582";"228";"0";"7";"7";"2";"1";"1";"0";"1";"0";"0";"0";"0";"4";"0";"0";"2020-03-14 09:16:30";"0";"0";"0"
"916";"5";"134";"586";"228";"0";"16";"12";"4";"0";"1";"0";"1";"0";"0";"0";"0";"11";"0";"0";"2020-03-14 09:16:30";"0";"0";"0"
"917";"5";"134";"587";"228";"0";"0";"0";"0";"0";"0";"0";"0";"0";"0";"0";"0";"0";"0";"0";"2020-03-14 09:16:30";"0";"0";"0"
"918";"5";"134";"588";"228";"0";"0";"0";"0";"0";"0";"0";"0";"0";"0";"0";"0";"0";"0";"0";"2020-03-14 09:16:30";"0";"0";"0"
"919";"5";"134";"589";"228";"0";"1";"4";"0";"0";"0";"0";"0";"0";"0";"0";"0";"4";"0";"0";"2020-03-14 09:16:30";"0";"0";"0"
"920";"5";"134";"590";"228";"0";"10";"2";"5";"1";"0";"2";"0";"0";"0";"0";"0";"3";"0";"0";"2020-03-14 09:16:30";"0";"0";"0"
"921";"5";"134";"602";"228";"0";"2";"8";"3";"4";"1";"0";"0";"0";"0";"0";"0";"4";"1";"0";"2020-03-14 09:16:30";"0";"0";"0"
"922";"5";"134";"603";"228";"0";"6";"2";"5";"1";"0";"0";"0";"0";"0";"0";"0";"5";"1";"0";"2020-03-14 09:16:30";"0";"0";"0"
"923";"5";"134";"613";"228";"0";"0";"0";"0";"0";"0";"0";"0";"0";"0";"0";"0";"0";"0";"0";"2020-03-14 09:16:30";"0";"0";"0"
"924";"5";"134";"649";"228";"0";"0";"1";"0";"1";"0";"0";"0";"0";"0";"0";"0";"1";"0";"0";"2020-03-14 09:16:30";"0";"0";"0"
"925";"5";"134";"713";"228";"0";"0";"0";"0";"0";"0";"0";"0";"0";"0";"0";"0";"0";"0";"0";"2020-03-14 09:16:30";"0";"0";"0"
"926";"5";"134";"839";"228";"0";"9";"4";"0";"0";"0";"10";"0";"0";"0";"0";"0";"0";"0";"0";"2020-03-14 09:16:30";"0";"0";"0"
"927";"5";"134";"904";"228";"0";"0";"0";"0";"0";"0";"0";"0";"0";"0";"0";"0";"0";"0";"0";"2020-03-14 09:16:30";"0";"0";"0"
"928";"5";"134";"1153";"241";"0";"6";"2";"5";"1";"0";"0";"0";"0";"0";"0";"0";"1";"0";"0";"2020-03-14 09:16:30";"0";"0";"0"
"929";"5";"134";"681";"241";"0";"0";"0";"0";"0";"0";"0";"0";"0";"0";"0";"0";"0";"0";"0";"2020-03-14 09:16:32";"0";"0";"0"
"930";"5";"134";"830";"241";"0";"0";"0";"0";"0";"0";"0";"0";"0";"0";"0";"0";"0";"0";"0";"2020-03-14 09:16:32";"0";"0";"0"
"931";"5";"134";"832";"241";"0";"3";"1";"2";"6";"7";"0";"1";"0";"0";"0";"0";"4";"1";"0";"2020-03-14 09:16:32";"0";"0";"0"
"932";"5";"134";"838";"241";"0";"1";"0";"2";"0";"0";"0";"0";"0";"0";"0";"0";"3";"0";"0";"2020-03-14 09:16:32";"0";"0";"0"
"933";"5";"134";"847";"241";"0";"9";"3";"2";"0";"1";"0";"0";"0";"0";"0";"0";"0";"0";"0";"2020-03-14 09:16:32";"0";"0";"0"
"934";"5";"134";"862";"241";"0";"17";"5";"2";"1";"2";"0";"1";"0";"0";"0";"0";"5";"0";"1";"2020-03-14 09:16:32";"0";"0";"0"
"935";"5";"134";"869";"241";"0";"16";"7";"3";"2";"1";"0";"1";"0";"0";"0";"0";"4";"1";"0";"2020-03-14 09:16:32";"0";"0";"0"
"936";"5";"134";"871";"241";"0";"0";"0";"0";"0";"0";"0";"0";"0";"0";"0";"0";"0";"0";"0";"2020-03-14 09:16:32";"0";"0";"0"
"937";"5";"134";"872";"241";"0";"15";"3";"1";"2";"2";"0";"1";"0";"0";"0";"0";"2";"0";"0";"2020-03-14 09:16:32";"0";"0";"0"
"938";"5";"134";"873";"241";"0";"0";"0";"0";"0";"0";"0";"0";"0";"0";"0";"0";"0";"0";"0";"2020-03-14 09:16:32";"0";"0";"0"
"939";"5";"134";"874";"241";"0";"0";"0";"0";"0";"0";"0";"0";"0";"0";"0";"0";"0";"0";"0";"2020-03-14 09:16:32";"0";"0";"0"
"940";"5";"134";"875";"241";"0";"0";"0";"0";"0";"0";"0";"0";"0";"0";"0";"0";"0";"0";"0";"2020-03-14 09:16:32";"0";"0";"0"
"941";"5";"134";"876";"241";"0";"0";"0";"0";"0";"0";"0";"0";"0";"0";"0";"0";"0";"0";"0";"2020-03-14 09:16:32";"0";"0";"0"
"942";"5";"134";"877";"241";"0";"11";"1";"4";"0";"1";"0";"0";"0";"0";"0";"0";"2";"0";"0";"2020-03-14 09:16:32";"0";"0";"0"
"943";"5";"134";"878";"241";"0";"17";"0";"0";"0";"0";"10";"0";"0";"0";"0";"0";"0";"0";"0";"2020-03-14 09:16:32";"0";"0";"0"
"944";"5";"134";"879";"241";"0";"0";"0";"0";"0";"0";"0";"0";"0";"0";"0";"0";"0";"0";"0";"2020-03-14 09:16:32";"0";"0";"0"
"945";"5";"135";"1120";"292";"0";"15";"4";"4";"3";"0";"0";"0";"0";"0";"0";"0";"5";"1";"0";"2020-03-14 09:56:29";"0";"0";"0"
"946";"5";"135";"1124";"292";"0";"5";"1";"0";"0";"0";"5";"0";"0";"0";"0";"0";"0";"0";"0";"2020-03-14 09:56:29";"0";"0";"0"
"947";"5";"135";"1128";"292";"0";"3";"2";"1";"0";"0";"0";"0";"0";"0";"0";"0";"2";"0";"0";"2020-03-14 09:56:29";"0";"0";"0"
"948";"5";"135";"1129";"292";"0";"5";"1";"1";"4";"1";"0";"0";"0";"0";"0";"0";"2";"2";"0";"2020-03-14 09:56:29";"0";"0";"0"
"949";"5";"135";"1130";"292";"0";"0";"0";"0";"0";"0";"0";"0";"0";"0";"0";"0";"0";"0";"0";"2020-03-14 09:56:29";"0";"0";"0"
"950";"5";"135";"1131";"292";"0";"9";"5";"4";"2";"1";"0";"0";"0";"0";"0";"0";"2";"0";"0";"2020-03-14 09:56:29";"0";"0";"0"
"951";"5";"135";"1132";"292";"0";"10";"5";"0";"2";"1";"0";"0";"0";"0";"0";"0";"0";"0";"0";"2020-03-14 09:56:29";"0";"0";"0"
"952";"5";"135";"1135";"292";"0";"0";"0";"0";"0";"0";"0";"0";"0";"0";"0";"0";"0";"0";"0";"2020-03-14 09:56:29";"0";"0";"0"
"953";"5";"135";"1139";"292";"0";"0";"0";"0";"0";"0";"0";"0";"0";"0";"0";"0";"0";"0";"0";"2020-03-14 09:56:29";"0";"0";"0"
"954";"5";"135";"1142";"292";"0";"0";"3";"0";"0";"0";"0";"1";"0";"0";"0";"0";"1";"0";"0";"2020-03-14 09:56:29";"0";"0";"0"
"955";"5";"135";"1143";"292";"0";"6";"3";"2";"6";"5";"0";"1";"0";"0";"0";"0";"3";"1";"0";"2020-03-14 09:56:29";"0";"0";"0"
"956";"5";"135";"1153";"267";"0";"0";"0";"0";"0";"0";"0";"0";"0";"0";"0";"0";"0";"0";"0";"2020-03-14 09:56:29";"0";"0";"0"
"957";"5";"135";"1155";"292";"0";"0";"0";"0";"0";"0";"0";"0";"0";"0";"0";"0";"0";"0";"0";"2020-03-14 09:56:29";"0";"0";"0"
"958";"5";"135";"1159";"292";"0";"0";"0";"0";"0";"0";"0";"0";"0";"0";"0";"0";"0";"0";"0";"2020-03-14 09:56:30";"0";"0";"0"
"959";"5";"135";"1162";"292";"0";"0";"0";"0";"1";"0";"0";"0";"0";"0";"0";"0";"0";"0";"0";"2020-03-14 09:56:30";"0";"0";"0"
"960";"5";"135";"814";"267";"0";"1";"3";"0";"0";"0";"0";"0";"0";"0";"0";"0";"1";"0";"0";"2020-03-14 09:56:38";"0";"0";"0"
"961";"5";"135";"890";"267";"0";"17";"10";"2";"7";"4";"0";"0";"0";"0";"0";"0";"4";"2";"0";"2020-03-14 09:56:38";"0";"0";"0"
"962";"5";"135";"891";"267";"0";"8";"2";"1";"0";"2";"0";"0";"0";"0";"0";"0";"1";"0";"0";"2020-03-14 09:56:38";"0";"0";"0"
"963";"5";"135";"893";"267";"0";"3";"0";"1";"0";"1";"0";"0";"0";"0";"0";"0";"3";"0";"0";"2020-03-14 09:56:38";"0";"0";"0"
"964";"5";"135";"897";"267";"0";"4";"7";"4";"0";"1";"0";"0";"0";"0";"0";"0";"0";"0";"0";"2020-03-14 09:56:38";"0";"0";"0"
"965";"5";"135";"899";"267";"0";"0";"0";"0";"0";"0";"0";"0";"0";"0";"0";"0";"0";"0";"0";"2020-03-14 09:56:38";"0";"0";"0"
"966";"5";"135";"899";"267";"0";"0";"0";"0";"0";"0";"0";"0";"0";"0";"0";"0";"0";"0";"0";"2020-03-14 09:56:38";"0";"0";"0"
"967";"5";"135";"906";"267";"0";"26";"8";"6";"7";"1";"0";"0";"0";"0";"0";"0";"17";"0";"0";"2020-03-14 09:56:38";"0";"0";"0"
"968";"5";"135";"906";"267";"0";"26";"8";"6";"7";"1";"0";"0";"0";"0";"0";"0";"17";"0";"0";"2020-03-14 09:56:38";"0";"0";"0"
"969";"5";"135";"916";"267";"0";"8";"4";"2";"0";"1";"0";"0";"0";"0";"0";"0";"0";"0";"0";"2020-03-14 09:56:38";"0";"0";"0"
"970";"5";"135";"916";"267";"0";"8";"4";"2";"0";"1";"0";"0";"0";"0";"0";"0";"0";"0";"0";"2020-03-14 09:56:38";"0";"0";"0"
"971";"5";"135";"925";"267";"0";"2";"1";"1";"0";"0";"0";"0";"0";"0";"0";"0";"2";"0";"0";"2020-03-14 09:56:38";"0";"0";"0"
"972";"5";"135";"927";"267";"0";"18";"6";"2";"0";"0";"0";"0";"0";"0";"0";"0";"5";"0";"0";"2020-03-14 09:56:38";"0";"0";"0"
"973";"5";"135";"927";"267";"0";"18";"6";"2";"0";"0";"0";"0";"0";"0";"0";"0";"5";"0";"0";"2020-03-14 09:56:38";"0";"0";"0"
"974";"5";"135";"929";"267";"0";"6";"0";"1";"1";"0";"0";"0";"0";"0";"0";"0";"1";"0";"0";"2020-03-14 09:56:38";"0";"0";"0"
"975";"5";"135";"929";"267";"0";"6";"0";"1";"1";"0";"0";"0";"0";"0";"0";"0";"1";"0";"0";"2020-03-14 09:56:38";"0";"0";"0"
"976";"5";"135";"930";"267";"0";"0";"0";"0";"0";"0";"0";"0";"0";"0";"0";"0";"0";"0";"0";"2020-03-14 09:56:38";"0";"0";"0"
"977";"5";"135";"930";"267";"0";"0";"0";"0";"0";"0";"0";"0";"0";"0";"0";"0";"0";"0";"0";"2020-03-14 09:56:38";"0";"0";"0"
"978";"5";"135";"941";"267";"0";"1";"0";"0";"0";"0";"0";"0";"0";"0";"0";"0";"0";"0";"0";"2020-03-14 09:56:38";"0";"0";"0"
"979";"5";"135";"941";"267";"0";"1";"0";"0";"0";"0";"0";"0";"0";"0";"0";"0";"0";"0";"0";"2020-03-14 09:56:38";"0";"0";"0"
"980";"5";"135";"943";"267";"0";"12";"1";"0";"0";"0";"8";"0";"0";"0";"0";"0";"0";"0";"0";"2020-03-14 09:56:38";"0";"0";"0"
"981";"5";"135";"943";"267";"0";"12";"1";"0";"0";"0";"8";"0";"0";"0";"0";"0";"0";"0";"0";"2020-03-14 09:56:38";"0";"0";"0"
"982";"5";"135";"947";"267";"0";"7";"2";"0";"0";"0";"5";"0";"0";"0";"0";"0";"0";"0";"0";"2020-03-14 09:56:38";"0";"0";"0"
"983";"5";"135";"947";"267";"0";"7";"2";"0";"0";"0";"5";"0";"0";"0";"0";"0";"0";"0";"0";"2020-03-14 09:56:38";"0";"0";"0"
"984";"9";"140";"599";"278";"0";"0";"0";"0";"0";"0";"0";"0";"0";"0";"0";"0";"0";"0";"0";"2020-03-14 11:01:04";"0";"0";"0"
"985";"9";"140";"962";"278";"0";"12";"1";"5";"1";"1";"0";"0";"0";"0";"0";"0";"3";"1";"0";"2020-03-14 11:01:04";"0";"0";"0"
"986";"9";"140";"965";"278";"0";"3";"0";"7";"0";"0";"0";"0";"0";"0";"0";"0";"1";"0";"0";"2020-03-14 11:01:04";"0";"0";"0"
"987";"9";"140";"970";"278";"0";"2";"0";"1";"0";"0";"0";"0";"0";"0";"0";"0";"0";"0";"0";"2020-03-14 11:01:04";"0";"0";"0"
"988";"9";"140";"971";"278";"0";"10";"0";"7";"2";"10";"0";"0";"0";"0";"1";"0";"3";"0";"0";"2020-03-14 11:01:04";"0";"0";"0"
"989";"9";"140";"1137";"278";"0";"2";"0";"0";"1";"0";"0";"0";"0";"0";"0";"0";"1";"0";"0";"2020-03-14 11:01:04";"0";"0";"0"
"990";"9";"140";"1153";"233";"0";"0";"0";"0";"0";"0";"0";"0";"0";"0";"0";"0";"0";"0";"0";"2020-03-14 11:01:04";"0";"0";"0"
"991";"9";"140";"609";"233";"0";"5";"5";"5";"1";"3";"0";"0";"0";"0";"0";"0";"1";"0";"0";"2020-03-14 11:01:08";"0";"0";"0"
"992";"9";"140";"610";"233";"0";"3";"2";"4";"0";"1";"0";"0";"0";"0";"0";"0";"1";"0";"0";"2020-03-14 11:01:08";"0";"0";"0"
"993";"9";"140";"948";"233";"0";"2";"3";"3";"0";"0";"0";"0";"0";"0";"0";"0";"3";"0";"0";"2020-03-14 11:01:09";"0";"0";"0"
"994";"9";"140";"949";"233";"0";"2";"0";"4";"1";"0";"0";"1";"0";"0";"0";"0";"1";"0";"0";"2020-03-14 11:01:09";"0";"0";"0"
"995";"9";"140";"950";"233";"0";"6";"2";"0";"0";"0";"4";"0";"0";"0";"0";"0";"0";"0";"0";"2020-03-14 11:01:09";"0";"0";"0"
"996";"9";"140";"951";"233";"0";"0";"0";"0";"0";"0";"0";"0";"0";"0";"0";"0";"0";"0";"0";"2020-03-14 11:01:09";"0";"0";"0"
"997";"9";"140";"952";"233";"0";"0";"0";"0";"0";"0";"0";"0";"0";"0";"0";"0";"1";"0";"0";"2020-03-14 11:01:09";"0";"0";"0"
"998";"9";"140";"953";"233";"0";"1";"1";"0";"0";"0";"1";"0";"0";"0";"0";"0";"0";"0";"0";"2020-03-14 11:01:09";"0";"0";"0"
"999";"9";"140";"954";"233";"0";"3";"1";"0";"0";"0";"0";"0";"0";"0";"0";"0";"2";"0";"0";"2020-03-14 11:01:09";"0";"0";"0"
"1000";"9";"140";"955";"233";"0";"2";"1";"0";"1";"0";"0";"0";"0";"0";"0";"0";"0";"0";"0";"2020-03-14 11:01:09";"0";"0";"0"
"1001";"9";"140";"958";"233";"0";"1";"1";"0";"0";"1";"0";"0";"0";"0";"0";"0";"1";"0";"0";"2020-03-14 11:01:09";"0";"0";"0"
"1002";"9";"140";"960";"233";"0";"0";"0";"0";"0";"0";"0";"0";"0";"0";"0";"0";"0";"0";"0";"2020-03-14 11:01:09";"0";"0";"0"
"1003";"9";"140";"973";"233";"0";"0";"0";"0";"0";"0";"0";"0";"0";"0";"0";"0";"0";"0";"0";"2020-03-14 11:01:09";"0";"0";"0"
"1004";"9";"140";"977";"233";"0";"2";"1";"1";"0";"0";"0";"0";"0";"0";"0";"0";"2";"0";"0";"2020-03-14 11:01:09";"0";"0";"0"
"1005";"9";"140";"1003";"233";"0";"2";"2";"1";"0";"0";"0";"0";"0";"0";"0";"0";"1";"0";"0";"2020-03-14 11:01:09";"0";"0";"0"
"1006";"5";"136";"749";"253";"0";"1";"0";"0";"0";"0";"0";"0";"0";"0";"0";"0";"0";"0";"0";"2020-03-14 12:14:06";"0";"0";"0"
"1007";"5";"136";"750";"253";"0";"0";"0";"0";"0";"0";"0";"0";"0";"0";"0";"0";"0";"0";"0";"2020-03-14 12:14:06";"0";"0";"0"
"1008";"5";"136";"751";"253";"0";"15";"3";"0";"1";"0";"0";"0";"0";"0";"0";"0";"1";"0";"0";"2020-03-14 12:14:06";"0";"0";"0"
"1009";"5";"136";"752";"253";"0";"0";"0";"0";"0";"0";"0";"0";"0";"0";"0";"0";"0";"0";"0";"2020-03-14 12:14:06";"0";"0";"0"
"1010";"5";"136";"761";"253";"0";"0";"0";"0";"0";"0";"0";"0";"0";"0";"0";"0";"0";"0";"0";"2020-03-14 12:14:06";"0";"0";"0"
"1011";"5";"136";"764";"253";"0";"0";"0";"0";"0";"0";"0";"0";"0";"0";"0";"0";"0";"0";"0";"2020-03-14 12:14:06";"0";"0";"0"
"1012";"5";"136";"765";"253";"0";"1";"0";"0";"0";"0";"0";"0";"0";"0";"0";"0";"0";"0";"0";"2020-03-14 12:14:06";"0";"0";"0"
"1013";"5";"136";"766";"253";"0";"3";"3";"1";"1";"1";"0";"0";"0";"0";"0";"0";"3";"0";"0";"2020-03-14 12:14:06";"0";"0";"0"
"1014";"5";"136";"767";"253";"0";"13";"4";"0";"0";"0";"6";"0";"0";"0";"0";"0";"0";"0";"0";"2020-03-14 12:14:06";"0";"0";"0"
"1015";"5";"136";"775";"253";"0";"18";"10";"3";"0";"1";"0";"0";"0";"0";"0";"0";"1";"0";"0";"2020-03-14 12:14:06";"0";"0";"0"
"1016";"5";"136";"783";"253";"0";"2";"0";"0";"0";"1";"0";"0";"0";"0";"0";"0";"1";"0";"0";"2020-03-14 12:14:06";"0";"0";"0"
"1017";"5";"136";"825";"253";"0";"2";"1";"1";"0";"0";"0";"0";"0";"0";"0";"0";"0";"0";"0";"2020-03-14 12:14:06";"0";"0";"0"
"1018";"5";"136";"1036";"253";"0";"9";"2";"5";"0";"2";"0";"0";"1";"0";"0";"0";"2";"0";"0";"2020-03-14 12:14:06";"0";"0";"0"
"1019";"5";"136";"1039";"253";"0";"4";"1";"1";"0";"1";"0";"0";"0";"0";"0";"0";"6";"1";"0";"2020-03-14 12:14:06";"0";"0";"0"
"1020";"5";"136";"1055";"253";"0";"4";"0";"0";"0";"0";"0";"0";"0";"0";"0";"0";"0";"0";"0";"2020-03-14 12:14:06";"0";"0";"0"
"1021";"5";"136";"1153";"265";"0";"0";"0";"0";"0";"0";"0";"0";"0";"0";"0";"0";"0";"0";"0";"2020-03-14 12:14:06";"0";"0";"0"
"1022";"5";"136";"855";"265";"0";"0";"0";"0";"0";"0";"0";"0";"0";"0";"0";"0";"0";"0";"0";"2020-03-14 12:17:27";"0";"0";"0"
"1023";"5";"136";"884";"265";"0";"0";"0";"0";"0";"0";"0";"0";"0";"0";"0";"0";"0";"0";"0";"2020-03-14 12:17:27";"0";"0";"0"
"1024";"5";"136";"886";"265";"0";"0";"0";"0";"0";"0";"0";"0";"0";"0";"0";"0";"0";"0";"0";"2020-03-14 12:17:27";"0";"0";"0"
"1025";"5";"136";"887";"265";"0";"0";"0";"0";"0";"0";"0";"0";"0";"0";"0";"0";"0";"0";"0";"2020-03-14 12:17:27";"0";"0";"0"
"1026";"5";"136";"905";"265";"0";"0";"0";"0";"0";"0";"0";"0";"0";"0";"0";"0";"0";"0";"0";"2020-03-14 12:17:27";"0";"0";"0"
"1027";"5";"136";"921";"265";"0";"7";"1";"1";"0";"4";"0";"2";"0";"0";"0";"0";"5";"2";"0";"2020-03-14 12:17:27";"0";"0";"0"
"1028";"5";"136";"922";"265";"0";"0";"0";"0";"0";"0";"0";"0";"0";"0";"0";"0";"0";"0";"0";"2020-03-14 12:17:27";"0";"0";"0"
"1029";"5";"136";"935";"265";"0";"0";"0";"0";"0";"0";"0";"0";"0";"0";"0";"0";"0";"0";"0";"2020-03-14 12:17:27";"0";"0";"0"
"1030";"5";"136";"944";"265";"0";"7";"0";"0";"0";"0";"0";"0";"0";"0";"0";"0";"1";"0";"0";"2020-03-14 12:17:27";"0";"0";"0"
"1031";"5";"136";"957";"265";"0";"0";"0";"0";"0";"0";"0";"0";"0";"0";"0";"0";"0";"0";"0";"2020-03-14 12:17:27";"0";"0";"0"
"1032";"5";"136";"990";"265";"0";"6";"3";"2";"2";"2";"0";"1";"1";"0";"0";"0";"0";"0";"0";"2020-03-14 12:17:27";"0";"0";"0"
"1033";"5";"136";"992";"265";"0";"20";"0";"3";"5";"4";"0";"1";"0";"0";"0";"0";"5";"2";"0";"2020-03-14 12:17:27";"0";"0";"0"
"1034";"5";"136";"1002";"265";"0";"25";"1";"4";"0";"2";"0";"0";"0";"0";"0";"0";"4";"0";"0";"2020-03-14 12:17:27";"0";"0";"0"
"1035";"5";"136";"1007";"265";"0";"0";"0";"0";"0";"0";"0";"0";"0";"0";"0";"0";"0";"0";"0";"2020-03-14 12:17:27";"0";"0";"0"
"1036";"5";"136";"1009";"265";"0";"4";"0";"0";"0";"1";"1";"1";"0";"0";"0";"0";"0";"0";"0";"2020-03-14 12:17:27";"0";"0";"0"
"1037";"5";"136";"1010";"265";"0";"16";"1";"1";"3";"2";"0";"1";"1";"0";"0";"0";"8";"0";"0";"2020-03-14 12:17:27";"0";"0";"0"
"1038";"5";"136";"1023";"265";"0";"0";"0";"0";"0";"0";"0";"0";"0";"0";"0";"0";"0";"0";"0";"2020-03-14 12:17:27";"0";"0";"0"
"1039";"5";"137";"598";"229";"0";"17";"4";"8";"2";"3";"0";"0";"0";"0";"0";"0";"6";"0";"0";"2020-03-14 13:02:45";"0";"0";"0"
"1040";"5";"137";"608";"229";"0";"4";"0";"3";"2";"2";"0";"0";"0";"0";"0";"0";"4";"0";"0";"2020-03-14 13:02:45";"0";"0";"0"
"1041";"5";"137";"685";"229";"0";"0";"0";"0";"0";"0";"0";"0";"0";"0";"0";"0";"0";"0";"0";"2020-03-14 13:02:45";"0";"0";"0"
"1042";"5";"137";"686";"229";"0";"6";"0";"1";"0";"0";"0";"0";"0";"0";"0";"0";"1";"0";"0";"2020-03-14 13:02:45";"0";"0";"0"
"1043";"5";"137";"689";"229";"0";"4";"0";"3";"1";"1";"0";"0";"0";"0";"0";"0";"2";"1";"0";"2020-03-14 13:02:45";"0";"0";"0"
"1044";"5";"137";"1153";"203";"0";"0";"1";"1";"0";"2";"0";"0";"0";"0";"0";"0";"1";"0";"0";"2020-03-14 13:02:45";"0";"0";"0"
"1045";"5";"137";"478";"203";"0";"0";"0";"0";"0";"0";"0";"0";"0";"0";"0";"0";"0";"0";"0";"2020-03-14 13:02:49";"0";"0";"0"
"1046";"5";"137";"481";"203";"0";"17";"3";"5";"2";"0";"0";"1";"0";"0";"0";"0";"3";"0";"0";"2020-03-14 13:02:49";"0";"0";"0"
"1047";"5";"137";"482";"203";"0";"0";"0";"0";"0";"0";"0";"0";"0";"0";"0";"0";"0";"0";"0";"2020-03-14 13:02:49";"0";"0";"0"
"1048";"5";"137";"483";"203";"0";"12";"7";"0";"0";"0";"11";"0";"0";"0";"0";"0";"0";"1";"0";"2020-03-14 13:02:49";"0";"0";"0"
"1049";"5";"137";"558";"203";"0";"2";"1";"2";"2";"0";"0";"1";"0";"0";"0";"0";"3";"0";"0";"2020-03-14 13:02:49";"0";"0";"0"
"1050";"5";"137";"560";"203";"0";"7";"0";"1";"1";"0";"0";"1";"0";"0";"0";"0";"0";"0";"0";"2020-03-14 13:02:49";"0";"0";"0"
"1051";"5";"137";"561";"203";"0";"0";"0";"0";"0";"0";"0";"0";"0";"0";"0";"0";"0";"0";"0";"2020-03-14 13:02:49";"0";"0";"0"
"1052";"5";"137";"562";"203";"0";"0";"0";"0";"0";"0";"0";"0";"0";"0";"0";"0";"0";"0";"0";"2020-03-14 13:02:49";"0";"0";"0"
"1053";"5";"137";"566";"203";"0";"4";"2";"2";"0";"1";"0";"0";"0";"0";"0";"0";"0";"0";"0";"2020-03-14 13:02:49";"0";"0";"0"
"1054";"5";"137";"585";"203";"0";"0";"0";"0";"0";"0";"0";"0";"0";"0";"0";"0";"0";"0";"0";"2020-03-14 13:02:49";"0";"0";"0"
"1055";"5";"137";"842";"203";"0";"0";"0";"0";"0";"0";"0";"0";"0";"0";"0";"0";"0";"0";"0";"2020-03-14 13:02:49";"0";"0";"0"
"1056";"5";"137";"849";"203";"0";"11";"6";"10";"2";"5";"0";"1";"0";"0";"0";"0";"12";"0";"1";"2020-03-14 13:02:49";"0";"0";"0"
"1057";"5";"137";"864";"203";"0";"0";"0";"0";"0";"0";"0";"0";"0";"0";"0";"0";"0";"0";"0";"2020-03-14 13:02:49";"0";"0";"0"
"1061";"8";"142";"2";"289";"0";"0";"0";"0";"0";"0";"0";"0";"0";"0";"0";"0";"0";"1";"0";"2020-03-18 14:14:43";"0";"0";"0"
"1062";"8";"142";"251";"289";"0";"0";"0";"0";"0";"0";"0";"0";"0";"0";"0";"0";"0";"2";"0";"2020-03-18 14:14:43";"0";"0";"0"
"1063";"8";"142";"431";"289";"0";"0";"0";"0";"0";"0";"0";"0";"0";"0";"0";"0";"0";"3";"0";"2020-03-18 14:14:43";"0";"0";"0"
"1064";"8";"143";"251";"289";"0";"0";"0";"0";"0";"0";"1";"0";"0";"0";"0";"0";"0";"1";"1";"2020-03-23 06:57:29";"0";"0";"0"
"1065";"8";"143";"431";"289";"0";"0";"0";"0";"0";"0";"1";"0";"0";"0";"0";"0";"0";"1";"1";"2020-03-23 06:57:29";"0";"0";"0"
"1074";"8";"143";"2";"290";"0";"0";"0";"0";"0";"0";"0";"0";"0";"0";"0";"0";"0";"2";"0";"2020-03-30 05:54:33";"0";"0";"0"
