"id";"name";"description";"type_formation";"id_formation";"id_head";"picture";"level";"exp";"point";"play";"goal";"Website";"Address";"overall";"win";"lose";"draw";"match_total";"exp_monthly";"play_sparing_monthly";"play_compet_monthly";"goal_monthly";"id_champion";"created_at";"updated_at";"deleted_at"
"93";"Sportigo FC";"Main Tiap Sabtu";"1";"1";"259";"RfheYs8nOnlLQmbMkv75EpDwnlJc48oDq5lY3h90.jpeg";"0";"40";"20";"1";"0";"sportigo.id";NULL;"0";"0";"0";"0";"0";"0";"1";"0";"0";NULL;"2019-11-03 03:07:48";"2019-11-03 03:07:48";NULL
"113";"Cisinn12";"Cisinn12";"0";"0";"274";"SportigoFC.png";"0";"0";"0";"0";"0";"-";"cisitu indah 12";"0";"0";"0";"0";"0";"0";"0";"0";"0";NULL;"2019-11-23 11:34:42";"2019-11-23 11:34:42";NULL
"114";"lord fc";"fb team";"0";"0";"276";"SportigoFC.png";"0";"0";"0";"0";"0";NULL;NULL;"0";"0";"0";"0";"0";"0";"0";"0";"0";NULL;"2019-11-25 15:13:52";"2019-11-25 15:13:52";NULL
"115";"U2 Team Futsal";"Pemerataan lapangan pekerjaan";"1";"0";"2";"WwNPdWoEoMYVu3aW3xfgADU2Hvxpmhg5rTBaZZY4.jpeg";"0";"120";"34";"4";"0";NULL;NULL;"0";"0";"0";"0";"0";"0";"0";"0";"0";NULL;"2019-11-26 17:20:02";"2019-11-26 17:20:02";NULL
"116";"KNTL";"-";"0";"0";"284";"Sg8yP0inebhqGSXNb2HmrTn5nosvVUnw9rnTBImG.jpeg";"0";"0";"0";"0";"0";NULL;NULL;"0";"0";"0";"0";"0";"0";"0";"0";"0";NULL;"2019-11-30 17:59:11";"2019-11-30 17:59:11";NULL
"117";"WRBK";"Warung Cibok";"2";"0";"2";"uzYzdKMg3Ug9W5ynhsy6R6248v4q8hT9oG2qcyaS.jpeg";"0";"0";"0";"0";"0";NULL;NULL;"0";"0";"0";"0";"0";"0";"0";"0";"0";NULL;"2019-12-01 04:15:50";"2019-12-01 04:15:50";NULL
"121";"Black";"futsal team";"0";"0";"288";"SportigoFC.png";"0";"0";"0";"0";"0";NULL;NULL;"0";"0";"0";"0";"0";"0";"0";"0";"0";NULL;"2019-12-02 07:53:52";"2019-12-02 07:53:52";NULL
"124";"DOB FC";"bekasi";"0";"0";"226";"SportigoFC.png";"0";"0";"0";"0";"0";NULL;NULL;"0";"0";"0";"0";"0";"0";"0";"0";"0";NULL;"2019-12-02 10:52:34";"2019-12-02 10:52:34";NULL
"137";"GAS FC";"gas terus";"0";"2";"349";"uS0eIaAj3TPYaHeCAT6S7OT1vRsgjV2FcPhFagGB.jpeg";"0";"0";"0";"12";"0";NULL;NULL;"0";"0";"0";"0";"0";"0";"12";"0";"0";NULL;"2019-12-06 09:55:18";"2019-12-06 09:55:18";NULL
"143";"tim test melastona 2";"testing purposes";"0";"0";"363";"SportigoFC.png";"0";"0";"0";"0";"0";NULL;NULL;"0";"0";"0";"0";"0";"0";"0";"0";"0";NULL;"2019-12-09 07:42:20";"2019-12-09 07:42:20";NULL
"161";"amanfc";"bermain dengan baik";"0";"0";"388";"SportigoFC.png";"0";"0";"0";"0";"0";NULL;NULL;"0";"0";"0";"0";"0";"0";"0";"0";"0";NULL;"2019-12-16 09:21:57";"2019-12-16 09:21:57";NULL
"162";"SFC";"SFC";"0";"0";"399";"anSdyQFn7gowcbDF454Yx9t71NVqtQtbV0vgEOEE.jpeg";"0";"0";"0";"0";"0";NULL;NULL;"0";"0";"0";"0";"0";"0";"0";"0";"0";NULL;"2019-12-24 12:43:03";"2019-12-24 12:43:03";NULL
"163";"STMJ FC";"Perantau Pemalang";"0";"0";"24";"SportigoFC.png";"0";"0";"0";"0";"0";NULL;NULL;"0";"0";"0";"0";"0";"0";"0";"0";"0";NULL;"2019-12-25 13:42:28";"2019-12-25 13:42:28";NULL
"165";"GACOR FC";"GACOR FC";"0";"0";"47";"SportigoFC.png";"0";"0";"0";"0";"0";NULL;NULL;"0";"0";"0";"0";"0";"0";"0";"0";"0";NULL;"2019-12-27 19:19:00";"2019-12-27 19:19:00";NULL
"166";"BHNL Squad";"BHNL Squad";"0";"0";"401";"SportigoFC.png";"0";"0";"0";"0";"0";NULL;NULL;"0";"0";"0";"0";"0";"0";"0";"0";"0";NULL;"2019-12-28 10:51:48";"2019-12-28 10:51:48";NULL
"169";"Impress";"kebon baru";"0";"0";"414";"SportigoFC.png";"0";"0";"0";"0";"0";NULL;NULL;"0";"0";"0";"0";"0";"0";"0";"0";"0";NULL;"2020-01-01 07:36:59";"2020-01-01 07:36:59";NULL
"170";"HCML";"karyawan kantoran";"0";"0";"416";"SportigoFC.png";"0";"0";"0";"0";"0";NULL;NULL;"0";"0";"0";"0";"0";"0";"0";"0";"0";NULL;"2020-01-03 12:06:50";"2020-01-03 12:06:50";NULL
"172";"Fc";"s";"0";"0";"426";"SportigoFC.png";"0";"0";"0";"0";"0";NULL;NULL;"0";"0";"0";"0";"0";"0";"0";"0";"0";NULL;"2020-01-11 02:50:10";"2020-01-11 02:50:10";NULL
"173";"Sparring via Group Facebook";"hubungi no tertera atau chat kami";"0";"0";"229";"1579522469.jpg";"0";"0";"0";"0";"0";NULL;NULL;"0";"0";"0";"0";"0";"0";"0";"0";"0";NULL;"2020-01-11 08:10:33";"2020-01-11 08:10:33";NULL
"175";"STMJ PEMALANG FC";"FUN FOOTBALL";"1";"1";"432";"1578961651.jpg";"0";"0";"0";"0";"0";NULL;NULL;"0";"0";"0";"0";"0";"0";"0";"0";"0";NULL;"2020-01-14 00:16:18";"2020-01-14 00:16:18";NULL
"176";"impress";"kebon baru";"0";"0";"435";"SportigoFC.png";"0";"0";"0";"0";"0";NULL;NULL;"0";"0";"0";"0";"0";"0";"0";"0";"0";NULL;"2020-01-19 08:59:29";"2020-01-19 08:59:29";NULL
"177";"Tongs";"wow";"0";"0";"357";"1579550781.jpg";"0";"0";"0";"0";"0";NULL;NULL;"0";"0";"0";"0";"0";"0";"0";"0";"0";NULL;"2020-01-20 20:05:50";"2020-01-20 20:05:50";NULL
"178";"TERATAI FC";"Team futsal";"0";"0";"441";"1579873484.jpg";"0";"0";"0";"0";"0";NULL;NULL;"0";"0";"0";"0";"0";"0";"0";"0";"0";NULL;"2020-01-24 13:40:23";"2020-01-24 13:40:23";NULL
"179";"D'Daniels FC";"open sparing";"0";"0";"451";"qvPW4ylqi9k9LObAXSqRnX60t6wI7iLOIcdWDYoA.jpeg";"0";"0";"0";"0";"0";NULL;NULL;"0";"0";"0";"0";"0";"0";"0";"0";"0";NULL;"2020-01-30 06:38:18";"2020-01-30 06:38:18";NULL
"180";"PETAKILAN FC";"08977391019";"0";"0";"452";"1580409771.jpg";"0";"0";"0";"0";"0";NULL;NULL;"0";"0";"0";"0";"0";"0";"0";"0";"0";NULL;"2020-01-30 15:52:29";"2020-01-30 15:52:29";NULL
"181";"tambur fc";"futsal";"0";"0";"453";"toKZZlE5aFUAXtJwa2wu81Aeck32AqGBDeXpPSC5.jpeg";"0";"0";"0";"0";"0";NULL;NULL;"0";"0";"0";"0";"0";"0";"0";"0";"0";NULL;"2020-01-30 16:18:37";"2020-01-30 16:18:37";NULL
"182";"Gabres Futsal";"cp : +6289603539975";"0";"0";"454";"i7sfSMFIvR4Vya7fSPQwpCgqyw11TGLp3sZzjOBG.jpeg";"0";"0";"0";"0";"0";NULL;NULL;"0";"0";"0";"0";"0";"0";"0";"0";"0";NULL;"2020-01-31 05:09:04";"2020-01-31 05:09:04";NULL
"183";"San Tara FC";"Whatever it takes";"0";"0";"459";"cMokBS4R3YKbCG7naOKZroMAtQIslKGkybuWYDXV.jpeg";"0";"0";"0";"0";"0";NULL;NULL;"0";"0";"0";"0";"0";"0";"0";"0";"0";NULL;"2020-02-03 14:13:28";"2020-02-03 14:13:28";NULL
"184";"ALL STAR CITY FC";"jaktim";"0";"0";"449";"1583778234.jpg";"0";"0";"0";"0";"0";NULL;NULL;"0";"0";"0";"0";"0";"0";"0";"0";"0";NULL;"2020-02-06 11:01:12";"2020-02-06 11:01:12";NULL
"199";"WAJAR FC";"Futsal warjok";"0";"0";"470";"SportigoFC.png";"0";"0";"0";"0";"0";NULL;NULL;"0";"0";"0";"0";"0";"0";"0";"0";"0";NULL;"2020-02-14 13:08:42";"2020-02-14 13:08:42";NULL
"203";"HMME ""ATMOSPHAIRA"" ITB";"Tim Futsal HMME ""ATMOSPHAIRA"" ITB Sekarang Sudah POT 1";"0";"1";"478";"1581743043.jpg";"0";"0";"0";"0";"0";NULL;NULL;"0";"0";"0";"0";"0";"0";"0";"0";"0";NULL;"2020-02-15 05:04:03";"2020-02-15 05:04:03";NULL
"204";"OPPAY FC";"-";"0";"0";"435";"SportigoFC.png";"0";"0";"0";"0";"0";NULL;NULL;"0";"0";"0";"0";"0";"0";"0";"0";"0";NULL;"2020-02-15 17:31:36";"2020-02-15 17:31:36";NULL
"207";"Wajar II";"shaolin soccer";"0";"0";"494";"1581943622.jpg";"0";"0";"0";"0";"0";NULL;NULL;"0";"0";"0";"0";"0";"0";"0";"0";"0";NULL;"2020-02-17 01:42:35";"2020-02-17 01:42:35";NULL
"208";"Apache";"Apache Futsal Bukan Rokok";"0";"0";"509";"SportigoFC.png";"0";"0";"0";"0";"0";NULL;NULL;"0";"0";"0";"0";"0";"0";"0";"0";"0";NULL;"2020-02-17 05:06:16";"2020-02-17 05:06:16";NULL
"209";"YBJ";"bodo amat yg penting ngeprak";"0";"0";"514";"SportigoFC.png";"0";"0";"0";"0";"0";NULL;NULL;"0";"0";"0";"0";"0";"0";"0";"0";"0";NULL;"2020-02-17 06:43:58";"2020-02-17 06:43:58";NULL
"210";"AW";"anak warung";"0";"1";"511";"SportigoFC.png";"0";"0";"0";"0";"0";NULL;NULL;"0";"0";"0";"0";"0";"0";"0";"0";"0";NULL;"2020-02-17 09:51:58";"2020-02-17 09:51:58";NULL
"211";"warker fc";"abis berak";"0";"0";"467";"SportigoFC.png";"0";"0";"0";"0";"0";NULL;NULL;"0";"0";"0";"0";"0";"0";"0";"0";"0";NULL;"2020-02-17 10:10:02";"2020-02-17 10:10:02";NULL
"212";"fatilabas";"FTIn18";"0";"0";"531";"SportigoFC.png";"0";"0";"0";"0";"0";NULL;NULL;"0";"0";"0";"0";"0";"0";"0";"0";"0";NULL;"2020-02-17 10:53:35";"2020-02-17 10:53:35";NULL
"213";"Komeng FC";"Bukan Anak Futsalan";"0";"0";"527";"SportigoFC.png";"0";"0";"0";"0";"0";NULL;NULL;"0";"0";"0";"0";"0";"0";"0";"0";"0";NULL;"2020-02-17 11:43:04";"2020-02-17 11:43:04";NULL
"214";"Komeng FC";"Bukan Anak Futsalan";"0";"0";"532";"SportigoFC.png";"0";"0";"0";"0";"0";NULL;NULL;"0";"0";"0";"0";"0";"0";"0";"0";"0";NULL;"2020-02-17 11:45:43";"2020-02-17 11:45:43";NULL
"215";"Civitas";"fun futsal";"0";"0";"533";"SportigoFC.png";"0";"0";"0";"0";"0";NULL;NULL;"0";"0";"0";"0";"0";"0";"0";"0";"0";NULL;"2020-02-17 12:37:15";"2020-02-17 12:37:15";NULL
"216";"Civitas Fc";"Menjaga silahturahmi";"0";"0";"542";"1581949768.jpg";"0";"0";"0";"0";"0";NULL;NULL;"0";"0";"0";"0";"0";"0";"0";"0";"0";NULL;"2020-02-17 14:29:28";"2020-02-17 14:29:28";NULL
"217";"FTI yarsi";"Fakultas Teknologi";"0";"0";"547";"SportigoFC.png";"0";"0";"0";"0";"0";NULL;NULL;"0";"0";"0";"0";"0";"0";"0";"0";"0";NULL;"2020-02-18 02:02:03";"2020-02-18 02:02:03";NULL
"218";"apa aja fc";"jangankan kalah seri aja ogah";"0";"0";"541";"SportigoFC.png";"0";"0";"0";"0";"0";NULL;NULL;"0";"0";"0";"0";"0";"0";"0";"0";"0";NULL;"2020-02-18 02:46:21";"2020-02-18 02:46:21";NULL
"219";"Radiance Community";"Youth of Renewal Community Church";"0";"0";"342";"1582115919.jpg";"0";"0";"0";"0";"0";NULL;NULL;"0";"0";"0";"0";"0";"0";"0";"0";"0";NULL;"2020-02-18 17:35:32";"2020-02-18 17:35:32";NULL
"220";"AAj";"futsal";"0";"0";"565";"SportigoFC.png";"0";"0";"0";"0";"0";NULL;NULL;"0";"0";"0";"0";"0";"0";"0";"0";"0";NULL;"2020-02-19 10:05:29";"2020-02-19 10:05:29";NULL
"221";"civitas";"civitas";"0";"0";"567";"SportigoFC.png";"0";"0";"0";"0";"0";NULL;NULL;"0";"0";"0";"0";"0";"0";"0";"0";"0";NULL;"2020-02-19 15:50:41";"2020-02-19 15:50:41";NULL
"223";"test team";"test team";"0";"0";"2";"SportigoFC.png";"0";"0";"0";"0";"0";NULL;NULL;"0";"0";"0";"0";"0";"0";"0";"0";"0";NULL;"2020-02-20 08:45:23";"2020-02-20 08:45:23";NULL
"224";"HIMASTRON";"Tim Futsal Himastron ITB";"0";"0";"498";"1582332428.jpg";"0";"0";"0";"0";"0";NULL;NULL;"0";"0";"0";"0";"0";"0";"0";"0";"0";NULL;"2020-02-22 00:47:08";"2020-02-22 00:47:08";NULL
"225";"ANAK KOMPLEK FC";"latihan setiap malem Minggu jam 23.00";"2";"0";"576";"SportigoFC.png";"0";"0";"0";"0";"0";NULL;NULL;"0";"0";"0";"0";"0";"0";"0";"0";"0";NULL;"2020-02-22 05:40:39";"2020-02-22 05:40:39";NULL
"226";"sportigo fc";"bek";"0";"0";"576";"SportigoFC.png";"0";"0";"0";"0";"0";NULL;NULL;"0";"0";"0";"0";"0";"0";"0";"0";"0";NULL;"2020-02-22 05:45:21";"2020-02-22 05:45:21";NULL
"227";"HMO ""TRITON"" ITB putra";"team futsal dan sepakbola Himpunan Mahasiswa Oseanografi ITB.";"0";"0";"581";"1582476493.jpg";"0";"0";"0";"0";"0";NULL;NULL;"0";"0";"0";"0";"0";"0";"0";"0";"0";NULL;"2020-02-23 16:46:25";"2020-02-23 16:46:25";NULL
"228";"HMFT-ITB (Pa)";"Himpunan Mahasiswa Fisika Teknik - ITB";"0";"0";"582";"1582646398.jpg";"0";"50";"12";"1";"0";NULL;NULL;"0";"0";"0";"0";"0";"0";"0";"0";"0";NULL;"2020-02-25 15:55:04";"2020-02-25 15:55:04";NULL
"229";"MTM ITB FC";"tim futsal dan sepakbola himpunan mahasiswa teknik material itb";"0";"0";"598";"1582770754.jpg";"0";"50";"12";"1";"0";NULL;NULL;"0";"0";"0";"0";"0";"0";"0";"0";"0";NULL;"2020-02-27 00:35:10";"2020-02-27 00:35:10";NULL
"230";"HMTG GEA ITB";"HMTG GEA ITB";"0";"0";"599";"1582774876.jpg";"0";"50";"12";"1";"0";NULL;NULL;"0";"0";"0";"0";"0";"0";"0";"0";"0";NULL;"2020-02-27 03:41:16";"2020-02-27 03:41:16";NULL
"231";"IMMG (Putra)";"Ikatan Mahasiswa Metalurgi - ITB";"0";"0";"605";"1582797241.jpg";"0";"50";"12";"1";"0";NULL;NULL;"0";"0";"0";"0";"0";"0";"0";"0";"0";NULL;"2020-02-27 09:54:02";"2020-02-27 09:54:02";NULL
"232";"IMMG (Putri)";"Ikatan Mahasiswa Metalurgi - ITB";"0";"0";"605";"1582797663.jpg";"0";"50";"12";"1";"0";NULL;NULL;"0";"0";"0";"0";"0";"0";"0";"0";"0";NULL;"2020-02-27 10:00:14";"2020-02-27 10:00:14";NULL
"233";"Futsal Putri KMPN ITB";"Futsal Putri KMPN ITB";"0";"0";"610";"SportigoFC.png";"0";"0";"0";"0";"0";NULL;NULL;"0";"0";"0";"0";"0";"0";"0";"0";"0";NULL;"2020-02-27 10:36:01";"2020-02-27 10:36:01";NULL
"234";"HMO ""TRITON"" ITB putri";"team futsal dan sepakbola Himpunan Mahasiswa Oseanografi ITB.";"0";"0";"581";"1582817795.jpg";"0";"0";"0";"0";"0";NULL;NULL;"0";"0";"0";"0";"0";"0";"0";"0";"0";NULL;"2020-02-27 15:36:35";"2020-02-27 15:36:35";NULL
"235";"GANCENG FUTSAL";"skuy";"0";"0";"621";"1582863144.jpg";"0";"0";"0";"0";"0";NULL;NULL;"0";"0";"0";"0";"0";"0";"0";"0";"0";NULL;"2020-02-28 04:12:25";"2020-02-28 04:12:25";NULL
"236";"KMKL";"Teknik Kelautan ITB";"0";"0";"622";"SportigoFC.png";"0";"0";"0";"0";"0";NULL;NULL;"0";"0";"0";"0";"0";"0";"0";"0";"0";NULL;"2020-02-28 04:14:58";"2020-02-28 04:14:58";NULL
"237";"HMTM 'PATRA' ITB";"Futsal Perminyakan ITB #LowProfileTeam";"0";"0";"655";"1582886698.jpg";"0";"0";"0";"0";"0";NULL;NULL;"0";"0";"0";"0";"0";"0";"0";"0";"0";NULL;"2020-02-28 10:34:43";"2020-02-28 10:34:43";NULL
"238";"HMFT-ITB (Pi)";"Himpunan Mahasiswa Fisika Teknik - ITB";"0";"0";"672";"1582892895.jpg";"0";"0";"0";"0";"0";NULL;NULL;"0";"0";"0";"0";"0";"0";"0";"0";"0";NULL;"2020-02-28 12:25:58";"2020-02-28 12:25:58";NULL
"239";"forever teknik";"binus";"0";"0";"678";"SportigoFC.png";"0";"0";"0";"0";"0";NULL;NULL;"0";"0";"0";"0";"0";"0";"0";"0";"0";NULL;"2020-02-28 13:16:47";"2020-02-28 13:16:47";NULL
"240";"TBK fc";"binus";"0";"0";"679";"SportigoFC.png";"0";"0";"0";"0";"0";NULL;NULL;"0";"0";"0";"0";"0";"0";"0";"0";"0";NULL;"2020-02-28 13:16:49";"2020-02-28 13:16:49";NULL
"241";"HMT-ITB Putra";"Kampoeng Bola";"0";"0";"681";"1583125673.jpg";"0";"0";"0";"0";"0";NULL;NULL;"0";"0";"0";"0";"0";"0";"0";"0";"0";NULL;"2020-02-28 13:50:04";"2020-02-28 13:50:04";NULL
"242";"KRISIS DEPAN";"teknik industri 2019";"0";"0";"677";"SportigoFC.png";"0";"0";"0";"0";"0";NULL;NULL;"0";"0";"0";"0";"0";"0";"0";"0";"0";NULL;"2020-02-28 16:23:19";"2020-02-28 16:23:19";NULL
"243";"HMM ITB";"Tim Futsal Putra Himpunan Mahasiswa Mesin ITB";"0";"0";"636";"1582930009.jpg";"0";"0";"0";"0";"0";NULL;NULL;"0";"0";"0";"0";"0";"0";"0";"0";"0";NULL;"2020-02-28 22:46:49";"2020-02-28 22:46:49";NULL
"244";"Triton FC";"Futsal HMO TRITON ITB";"0";"0";"687";"SportigoFC.png";"0";"0";"0";"0";"0";NULL;NULL;"0";"0";"0";"0";"0";"0";"0";"0";"0";NULL;"2020-02-29 00:28:41";"2020-02-29 00:28:41";NULL
"245";"Sukusuy FC";"Futsal Club";"0";"0";"692";"SportigoFC.png";"0";"0";"0";"0";"0";NULL;NULL;"0";"0";"0";"0";"0";"0";"0";"0";"0";NULL;"2020-02-29 02:07:37";"2020-02-29 02:07:37";NULL
"246";"Krisis Depan";"Teknik Industri Basis Depan";"0";"0";"694";"SportigoFC.png";"0";"0";"0";"0";"0";NULL;NULL;"0";"0";"0";"0";"0";"0";"0";"0";"0";NULL;"2020-02-29 02:11:40";"2020-02-29 02:11:40";NULL
"247";"Psikologi";"Bukan kaleng-kaleng";"0";"0";"698";"SportigoFC.png";"0";"0";"0";"0";"0";NULL;NULL;"0";"0";"0";"0";"0";"0";"0";"0";"0";NULL;"2020-02-29 02:16:43";"2020-02-29 02:16:43";NULL
"248";"Sumanto F.C";"Futsal";"0";"0";"696";"SportigoFC.png";"0";"0";"0";"0";"0";NULL;NULL;"0";"0";"0";"0";"0";"0";"0";"0";"0";NULL;"2020-02-29 02:18:42";"2020-02-29 02:18:42";NULL
"249";"Garuda FC";"Pemain yang berisikan pemain-pemain yang berpredikat Cum Laude Binus";"0";"0";"691";"1582950319.jpg";"0";"0";"0";"0";"0";NULL;NULL;"0";"0";"0";"0";"0";"0";"0";"0";"0";NULL;"2020-02-29 02:26:26";"2020-02-29 02:26:26";NULL
"250";"Kriukan";"ada in aja";"0";"0";"727";"SportigoFC.png";"0";"0";"0";"0";"0";NULL;NULL;"0";"0";"0";"0";"0";"0";"0";"0";"0";NULL;"2020-02-29 03:22:04";"2020-02-29 03:22:04";NULL
"251";"dadakanFC";"dadakan bgt";"0";"0";"732";"SportigoFC.png";"0";"0";"0";"0";"0";NULL;NULL;"0";"0";"0";"0";"0";"0";"0";"0";"0";NULL;"2020-02-29 03:51:46";"2020-02-29 03:51:46";NULL
"252";"SECRET FC";"kontol";"0";"0";"737";"SportigoFC.png";"0";"0";"0";"0";"0";NULL;NULL;"0";"0";"0";"0";"0";"0";"0";"0";"0";NULL;"2020-02-29 04:28:11";"2020-02-29 04:28:11";NULL
"253";"HMS Putra";"Himpunan Mahasiswa Sipil ITB Putra";"0";"0";"750";"1582961867.jpg";"0";"50";"12";"1";"0";NULL;NULL;"0";"0";"0";"0";"0";"0";"0";"0";"0";NULL;"2020-02-29 07:31:27";"2020-02-29 07:31:27";NULL
"254";"HMS - Cewe";"Maudyyyyyyyy";"0";"0";"753";"1582962542.jpg";"0";"0";"0";"0";"0";NULL;NULL;"0";"0";"0";"0";"0";"0";"0";"0";"0";NULL;"2020-02-29 07:49:02";"2020-02-29 07:49:02";NULL
"255";"TES";"tes aja";"0";"0";"792";"SportigoFC.png";"0";"0";"0";"0";"0";NULL;NULL;"0";"0";"0";"0";"0";"0";"0";"0";"0";NULL;"2020-02-29 23:21:16";"2020-02-29 23:21:16";NULL
"256";"IMT 'Signum' ITB";"Tim futsal & sepak bola teknik telekomunikasi itb";"0";"0";"488";"1583019584.jpg";"0";"0";"0";"0";"0";NULL;NULL;"0";"0";"0";"0";"0";"0";"0";"0";"0";NULL;"2020-02-29 23:39:44";"2020-02-29 23:39:44";NULL
"257";"HMMI";"Metrologi";"0";"0";"795";"SportigoFC.png";"0";"50";"12";"1";"0";NULL;NULL;"0";"0";"0";"0";"0";"0";"0";"0";"0";NULL;"2020-02-29 23:59:00";"2020-02-29 23:59:00";NULL
"258";"cisitulama";"lesgo";"0";"0";"823";"SportigoFC.png";"0";"0";"0";"0";"0";NULL;NULL;"0";"0";"0";"0";"0";"0";"0";"0";"0";NULL;"2020-03-01 19:50:39";"2020-03-01 19:50:39";NULL
"259";"HMT-ITB Putri";"Kampoeng Bola";"0";"0";"681";"1583184197.jpg";"0";"0";"0";"0";"0";NULL;NULL;"0";"0";"0";"0";"0";"0";"0";"0";"0";NULL;"2020-03-02 05:06:40";"2020-03-02 05:06:40";NULL
"260";"uler tanah";"menjungjung tinggi sportifitas";"0";"0";"827";"SportigoFC.png";"0";"0";"0";"0";"0";NULL;NULL;"0";"0";"0";"0";"0";"0";"0";"0";"0";NULL;"2020-03-03 03:44:17";"2020-03-03 03:44:17";NULL
"261";"uler tanah";"jungjung tinggi seportivitas oke";"0";"0";"827";"SportigoFC.png";"0";"0";"0";"0";"0";NULL;NULL;"0";"0";"0";"0";"0";"0";"0";"0";"0";NULL;"2020-03-03 03:47:27";"2020-03-03 03:47:27";NULL
"262";"HME Putra";"Himpunan Mahasiswa Elektroteknik";"0";"0";"486";"1583768523.jpg";"0";"0";"0";"0";"0";NULL;NULL;"0";"0";"0";"0";"0";"0";"0";"0";"0";NULL;"2020-03-05 14:35:28";"2020-03-05 14:35:28";NULL
"263";"ici";"Bekasi";"0";"0";"881";"SportigoFC.png";"0";"0";"0";"0";"0";NULL;NULL;"0";"0";"0";"0";"0";"0";"0";"0";"0";NULL;"2020-03-06 05:50:49";"2020-03-06 05:50:49";NULL
"264";"HIMATEK-ITB Putri";"PIXIES JUARA KAMBOL 2020";"0";"0";"883";"1583557808.jpg";"0";"0";"0";"0";"0";NULL;NULL;"0";"0";"0";"0";"0";"0";"0";"0";"0";NULL;"2020-03-07 05:04:38";"2020-03-07 05:04:38";NULL
"265";"IMG FC";"semangat kak";"0";"0";"884";"SportigoFC.png";"0";"0";"0";"0";"0";NULL;NULL;"0";"0";"0";"0";"0";"0";"0";"0";"0";NULL;"2020-03-07 07:57:56";"2020-03-07 07:57:56";NULL
"266";"HMIF ITB";"Tim Futsal Putra Himpunan Mahasiswa Informatika Institut Teknologi Bandung";"0";"0";"889";"1583590671.jpg";"0";"0";"0";"0";"0";NULL;NULL;"0";"0";"0";"0";"0";"0";"0";"0";"0";NULL;"2020-03-07 14:15:08";"2020-03-07 14:15:08";NULL
"267";"HIMAFI ITB";"Fisikawan main futsal";"0";"0";"890";"1583594095.jpg";"0";"0";"0";"0";"0";NULL;NULL;"0";"0";"0";"0";"0";"0";"0";"0";"0";NULL;"2020-03-07 15:14:55";"2020-03-07 15:14:55";NULL
"268";"Arpat Futsal";"#neverstopfighting";"0";"0";"895";"SportigoFC.png";"0";"0";"0";"0";"0";NULL;NULL;"0";"0";"0";"0";"0";"0";"0";"0";"0";NULL;"2020-03-07 18:52:41";"2020-03-07 18:52:41";NULL
"269";"IMA-G ITB (Putra)";"just play";"0";"0";"896";"SportigoFC.png";"0";"0";"0";"0";"0";NULL;NULL;"0";"0";"0";"0";"0";"0";"0";"0";"0";NULL;"2020-03-08 00:19:31";"2020-03-08 00:19:31";NULL
"270";"IMA-G ITB (Putri)";"just play";"0";"0";"896";"SportigoFC.png";"0";"0";"0";"0";"0";NULL;NULL;"0";"0";"0";"0";"0";"0";"0";"0";"0";NULL;"2020-03-08 00:22:22";"2020-03-08 00:22:22";NULL
"271";"MTI FC Putra";"Tim Futsal Putra MTI ITB";"0";"0";"908";"SportigoFC.png";"0";"0";"0";"0";"0";NULL;NULL;"0";"0";"0";"0";"0";"0";"0";"0";"0";NULL;"2020-03-08 03:20:39";"2020-03-08 03:20:39";NULL
"272";"MTI FC Putri";"Tim Futsal Putri MTI ITB";"0";"0";"909";"SportigoFC.png";"0";"0";"0";"0";"0";NULL;NULL;"0";"0";"0";"0";"0";"0";"0";"0";"0";NULL;"2020-03-08 03:21:06";"2020-03-08 03:21:06";NULL
"273";"HIMA TG ""TERRA"" ITB";"123!!! TERRA!TERRA!TERRA!!!!";"0";"0";"910";"1583638980.jpg";"0";"0";"0";"0";"0";NULL;NULL;"0";"0";"0";"0";"0";"0";"0";"0";"0";NULL;"2020-03-08 03:22:39";"2020-03-08 03:22:39";NULL
"274";"HME Putri";"Himpunan Mahasiswa Elektroteknik";"0";"0";"486";"1583811569.jpg";"0";"0";"0";"0";"0";NULL;NULL;"0";"0";"0";"0";"0";"0";"0";"0";"0";NULL;"2020-03-08 03:24:17";"2020-03-08 03:24:17";NULL
"275";"HIMATEK ITB";"HIMPUNAN MAHASISWA TEKNIK KIMIA ITB";"0";"0";"911";"1583939169.jpg";"0";"0";"0";"0";"0";NULL;NULL;"0";"0";"0";"0";"0";"0";"0";"0";"0";NULL;"2020-03-08 03:26:28";"2020-03-08 03:26:28";NULL
"276";"dika";"ada aja";"0";"0";"936";"SportigoFC.png";"0";"0";"0";"0";"0";NULL;NULL;"0";"0";"0";"0";"0";"0";"0";"0";"0";NULL;"2020-03-08 06:17:25";"2020-03-08 06:17:25";NULL
"277";"HIMATEK-ITB";"Himpunan Mahasiswa Teknik Kimia ITB";"0";"0";"940";"SportigoFC.png";"0";"0";"0";"0";"0";NULL;NULL;"0";"0";"0";"0";"0";"0";"0";"0";"0";NULL;"2020-03-08 07:06:43";"2020-03-08 07:06:43";NULL
"278";"HMTG GEA PUTRI";"HMTG GEA PUTRI";"0";"0";"599";"SportigoFC.png";"0";"50";"12";"1";"0";NULL;NULL;"0";"0";"0";"0";"0";"0";"0";"0";"0";NULL;"2020-03-08 07:21:49";"2020-03-08 07:21:49";NULL
"279";"Futsal Putra KMPN ITB";"Tim Futsal Putra Keluarga Mahasiswa Teknik Penerbangan ITB";"0";"0";"786";"1583677780.jpg";"0";"50";"12";"1";"0";NULL;NULL;"0";"0";"0";"0";"0";"0";"0";"0";"0";NULL;"2020-03-08 14:22:15";"2020-03-08 14:22:15";NULL
"280";"Futsal Putra KMPN ITB";"-";"0";"0";"966";"SportigoFC.png";"0";"0";"0";"0";"0";NULL;NULL;"0";"0";"0";"0";"0";"0";"0";"0";"0";NULL;"2020-03-08 14:52:56";"2020-03-08 14:52:56";NULL
"281";"SAPMA UPS";"SAPMA TANPA STIGMA";"0";"0";"981";"1583738520.jpg";"0";"0";"0";"0";"0";NULL;NULL;"0";"0";"0";"0";"0";"0";"0";"0";"0";NULL;"2020-03-09 07:22:00";"2020-03-09 07:22:00";NULL
"282";"HMP Pangripta Loka";"Tim Futsal Putra HMP PL ITB";"0";"0";"942";"1583763098.jpg";"0";"0";"0";"0";"0";NULL;NULL;"0";"0";"0";"0";"0";"0";"0";"0";"0";NULL;"2020-03-09 14:08:48";"2020-03-09 14:08:48";NULL
"283";"KMSR";"Putri";"0";"0";"1018";"SportigoFC.png";"0";"0";"0";"0";"0";NULL;NULL;"0";"0";"0";"0";"0";"0";"0";"0";"0";NULL;"2020-03-11 03:52:30";"2020-03-11 03:52:30";NULL
"284";"IMA-Gunadharma";"IMA-G";"0";"0";"1024";"SportigoFC.png";"0";"0";"0";"0";"0";NULL;NULL;"0";"0";"0";"0";"0";"0";"0";"0";"0";NULL;"2020-03-11 11:48:21";"2020-03-11 11:48:21";NULL
"285";"HMM ITB (putri)";"tim futsal putri HMM ITB";"0";"0";"1025";"1583935141.jpg";"0";"0";"0";"0";"0";NULL;NULL;"0";"0";"0";"0";"0";"0";"0";"0";"0";NULL;"2020-03-11 13:59:01";"2020-03-11 13:59:01";NULL
"286";"IMK";"Kewirausahaan";"0";"1";"1027";"SportigoFC.png";"0";"0";"0";"0";"0";NULL;NULL;"0";"0";"0";"0";"0";"0";"0";"0";"0";NULL;"2020-03-11 14:16:10";"2020-03-11 14:16:10";NULL
"287";"HIMATIKA ITB";"HIMATIKA ITB";"0";"0";"1026";"SportigoFC.png";"0";"0";"0";"0";"0";NULL;NULL;"0";"0";"0";"0";"0";"0";"0";"0";"0";NULL;"2020-03-11 14:27:43";"2020-03-11 14:27:43";NULL
"288";"HIMA TG ""TERRA"" ITB (Putri)";"123! TERRA3X!";"0";"0";"1054";"1583950105.jpg";"0";"50";"12";"1";"0";NULL;NULL;"0";"0";"0";"0";"0";"0";"0";"0";"0";NULL;"2020-03-11 17:45:48";"2020-03-11 17:45:48";NULL
"289";"Fc test";"siang";"0";"0";"2";"1585914736.jpg";"0";"60";"30";"1";"2";NULL;NULL;"0";"0";"0";"0";"0";"0";"0";"1";"2";NULL;"2020-01-11 02:50:10";"2020-01-11 02:50:10";NULL
"290";"Fc test 2";"s";"0";"0";"2";"SportigoFC.png";"0";"67";"408";"12";"8";NULL;NULL;"0";"0";"0";"0";"0";"0";"0";"12";"8";NULL;"2020-01-11 02:50:10";"2020-01-11 02:50:10";NULL
"291";"KMM ITB";"Ethics, Skills, and Knowledge";"0";"0";"1086";"1584074401.jpg";"0";"0";"0";"0";"0";NULL;NULL;"0";"0";"0";"0";"0";"0";"0";"0";"0";NULL;"2020-03-13 04:34:14";"2020-03-13 04:34:14";NULL
"292";"HMTL ITB";"Himpunan Mahasiswa Teknik Lingkungan ITB";"0";"0";"1128";"1584081191.jpg";"0";"50";"12";"1";"0";NULL;NULL;"0";"0";"0";"0";"0";"0";"0";"0";"0";NULL;"2020-03-13 06:33:11";"2020-03-13 06:33:11";NULL
"293";"fatur ilahi";"jika mereka bisa kta jg";"0";"0";"1134";"SportigoFC.png";"0";"0";"0";"0";"0";NULL;NULL;"0";"0";"0";"0";"0";"0";"0";"0";"0";NULL;"2020-03-13 07:24:46";"2020-03-13 07:24:46";NULL
"294";"Radis FC";"Jowo Amateur";"0";"0";"1171";"1584345986.jpg";"0";"0";"0";"0";"0";NULL;NULL;"0";"0";"0";"0";"0";"0";"0";"0";"0";NULL;"2020-03-16 08:06:27";"2020-03-16 08:06:27";NULL
"295";"untitled.fc";"kalideres jakbar";"0";"0";"1157";"SportigoFC.png";"0";"0";"0";"0";"0";NULL;NULL;"0";"0";"0";"0";"0";"0";"0";"0";"0";NULL;"2020-03-16 14:57:49";"2020-03-16 14:57:49";NULL
"297";"sabs 1 fc";"test";"0";"0";"6";"1585895490.jpg";"0";"0";"0";"0";"0";NULL;NULL;"0";"0";"0";"0";"0";"0";"0";"0";"0";NULL;"2020-04-03 06:31:30";"2020-04-03 06:31:30";NULL
